0.10220571170396302,0.054747104339073364,-0.10118736393707731,MIN
0.2676767240848671,0.10048018347438532,-0.08873966497634636,MIN
0.18403673960782702,0.04114481778315801,-0.05340005398015489,MIN
0.22716575012885426,0.18702012227744333,-0.15389638720055765,MIN
0.2385271593472365,0.11408247003030066,-0.04885029668550206,MIN
0.17547907775804678,0.14285077806944474,-0.08017910634724365,MIN
0.2700716512738932,0.1599717928164786,-0.2115978678860773,MIN
0.1475865896914398,0.07176352384597871,-0.15291777981415386,MIN
0.3130576020723439,0.11749660298129068,-0.1404700808534229,MIN
0.28477504656440145,0.1454049217313451,-0.08618530241289324,MIN
0.12259237341239948,0.05229755591730158,-0.040943387509721194,MIN
0.2190910048169429,0.06464989326628906,-0.1735074241714597,MIN
0.178988851040506,0.12046653076639788,-0.03753890533797323,MIN
0.11829649934162977,0.04823262415747891,-0.12786033706912459,MIN
0.19684344023557915,0.12937891095902665,-0.1899724624495227,MIN
0.2158290810087494,0.03736654911969857,-0.0895074724260865,MIN
0.2818002840984358,0.14877953385268686,-0.11507217727061841,MIN
0.1702098966068477,0.04905263044762217,-0.10425267221177884,MIN
0.21017422641806888,0.15903494299502474,-0.16762719913398783,MIN
0.21874013182588936,0.10404378672132347,-0.08842796798954017,MIN
0.22336661303021293,0.10893589229096623,-0.11932322047333015,MIN
0.15628420941692817,0.07551672874822979,-0.1464929630086529,MIN
0.13496064906312166,0.09655813425605009,-0.10556509321115248,MIN
0.18035476399518446,0.14076329416426894,-0.10472524708599924,MIN
0.20141864856803837,0.14335684105989954,-0.15336939492757343,MIN
0.20998455397585883,0.08836568478619825,-0.0741701637831258,MIN
0.27267997792098975,0.1228460227752238,-0.16807213927187395,MIN
0.2588037402576435,0.14388742828304407,-0.11474984312219706,MIN
0.013171382408482361,0.27397828228556514,0.08065877569116092,MIN
-0.03974526319590309,0.16186920855232684,0.0027807822286015013,MIN
-0.002737654617671774,0.3440125458873547,0.05662063186718389,MIN
0.05782280869419523,0.24075742669371158,0.09203299930595127,MIN
-0.0019527353021031209,0.17161925034136094,0.07023110948988412,MIN
0.03177316423022952,0.1303172026639037,0.07584067456511848,MIN
-0.023114966598717795,0.21933364040099143,-0.016965611468338672,MIN
0.01823606736980854,0.09095941183367298,0.05061521625132114,MIN
-0.02307608165666639,0.24654908897024208,0.04931900395497425,MIN
0.007794553550658383,0.17356350718858746,-0.011936205300782966,MIN
-0.009293410151069742,0.2878511366476993,0.000932529378377081,MIN
0.03781318156844744,0.35698931300005,0.03414159506147429,MIN
0.07160428854753859,0.23013185178781317,0.0398235803431387,MIN
-0.018018177001493735,0.3127359471427277,0.048567007959972576,MIN
0.05787469829368813,0.29483277380407896,0.04623117747682294,MIN
0.032038518025485976,0.2294801661274296,0.004581219089441778,MIN
-0.004384921496835659,0.17445287350382854,0.012150579911842537,MIN
0.02417075809438251,0.14186292960481028,0.02945836845859735,MIN
-0.02204421007929468,0.2606197392872428,0.026153135021494037,MIN
0.05655852844259125,0.19543985148920628,0.04141778724022412,MIN
0.018247546283384344,0.31274629043243374,0.046890819587826406,MIN
0.05262811171034838,0.23828155592437925,0.04665695494670421,MIN
0.00039670015908621625,0.18615500477918828,0.0366697841996938,MIN
0.006012247997221259,0.2172945779390015,0.00448913103513629,MIN
-0.01559602837365211,0.22981796747180105,0.0045015531682640955,MIN
0.02135262453622363,0.281944518616992,0.028249381604006602,MIN
-0.2228009734498201,0.0021905511929819627,-0.13556510456537696,MIN
-0.2743258141624159,0.13861395580721395,-0.14979114468283766,MIN
-0.16811016940009432,0.12282350150640735,-0.10576820753689072,MIN
-0.2805101302220679,0.018801685387410255,-0.1480514378079903,MIN
-0.17564630478392115,0.08837021327711825,-0.05641496195523164,MIN
-0.2496414027531128,0.1274030863619915,-0.13857694533626091,MIN
-0.32721121936265934,0.08950835009572372,-0.174681880868349,MIN
-0.26979282557667933,0.04525214267562908,-0.10412703071507698,MIN
-0.16320888388586263,-0.011212544497294141,-0.07441423711986717,MIN
-0.22347615783700747,0.13372159718755744,-0.0984038018523473,MIN
-0.12373695027481059,0.07725691001463422,-0.058915714854669454,MIN
-0.3179154346338091,0.05294219985262695,-0.15846088377005407,MIN
-0.2181762270716122,-0.003522487320296225,-0.11897279677237618,MIN
-0.21819444742357558,0.01930959151695956,-0.16147563598957917,MIN
-0.1919601367786775,0.05720432778322729,-0.05205599993898047,MIN
-0.1347917302976525,0.04243775639851412,-0.05829418548867456,MIN
-0.19478554514022683,0.03139067912619661,-0.07741995832588468,MIN
-0.2585148592408299,0.09253344487908291,-0.16780840158709728,MIN
-0.18976745114591487,0.04996203847089929,-0.1288238876312658,MIN
-0.20693925592176476,0.07124774167499111,-0.17288300276610657,MIN
-0.2673981082171646,0.05728007070802372,-0.19233439833333496,MIN
-0.17898654648421378,0.06956464699190566,-0.06178091065847564,MIN
-0.24690119766024632,0.10442206949294312,-0.15509995848985259,MIN
-0.17460658695332715,0.0584577332605231,-0.09074931796402058,MIN
-0.1637603251632717,0.01798192120594641,-0.06942527456031702,MIN
-0.2274896392638748,0.0791246869588327,-0.1598137178215297,MIN
0.12479056602021635,-0.18714107139560265,-0.12881134749508688,MIN
0.07438246053240577,-0.26229204484038726,-0.08836807242151423,MIN
0.1223213216419797,-0.16555900129837778,-0.08044662514488535,MIN
0.039847756891409306,-0.11532959503668723,-0.05449933162938626,MIN
0.10561147667060303,-0.232268677338478,-0.18202862286274185,MIN
0.08453463652271904,-0.3290017208804875,-0.18521357108746841,MIN
0.05171991356782572,-0.14842156741458348,-0.14637320766208162,MIN
0.07883087875430737,-0.20120187383568164,-0.177409483066054,MIN
0.06614842015695149,-0.2979349173776911,-0.17911427533706112,MIN
0.08859555441511346,-0.2952874492444079,-0.12479617987368664,MIN
0.027514273061234162,-0.1258926292903471,-0.048365846267377985,MIN
0.11555713916793581,-0.16905676948479686,-0.1304417470259584,MIN
0.0758396776342831,-0.07213058999503619,-0.027910478079197748,MIN
0.09799143450488229,-0.26932244606042677,-0.10445227466385473,MIN
0.03512445914748516,-0.17258940251841728,-0.11606888597632276,MIN
0.05915376983506697,-0.2247836780880253,-0.12094635526791232,MIN
0.09267438803045883,-0.14608231349360828,-0.12600591357969057,MIN
0.06875267330824052,-0.13558030091281953,-0.08286178490253962,MIN
0.059793260192904416,-0.20658868691619128,-0.08756402245971781,MIN
0.0725025321835118,-0.22334275750475427,-0.06711922851957894,MIN
0.09472228436997958,-0.1504111268536212,-0.06360198516163858,MIN
0.0651931414931068,-0.23857704872304786,-0.17370186537827753,MIN
0.04127142677088849,-0.2280750361422591,-0.1305577367011266,MIN
0.07539453905764715,-0.14745042690008076,-0.1390342087997005,MIN
0.0537863043124948,-0.09523159270333109,-0.07200141420811446,MIN
0.09794624573685139,-0.2007067164026096,-0.13739957292135685,MIN
-0.25551322834008294,-0.26278478040040004,-0.1344749710342193,MIN
-0.14410924672968262,-0.2190282690138176,-0.07768631486539941,MIN
-0.17402652898061932,-0.09274603944122885,-0.01998282550282783,MIN
-0.22289707922287277,-0.24842264689338506,-0.13519923281046398,MIN
-0.0930144352360589,-0.10496214263839544,-0.028640003102181254,MIN
-0.2735667539374464,-0.235137717391615,-0.12395045880922263,MIN
-0.12160420183822801,-0.11320784684618565,-0.010640723747189856,MIN
-0.19255466019288597,-0.24735382058878164,-0.13260763640857604,MIN
-0.2224719424438227,-0.12107159101619283,-0.07490414704600445,MIN
-0.10029772156123906,-0.058172549704125,-0.044236751284145434,MIN
-0.26812964498639974,-0.25400885189062883,-0.04607903046855679,MIN
-0.1909954808722492,-0.16666503763326554,-0.14282696672476813,MIN
-0.1745869122569284,-0.1286429955081248,-0.12444033976973663,MIN
-0.2701851036907142,-0.2843196029602811,-0.08681751953046188,MIN
-0.15745048192459235,-0.07160993232041374,-0.07240612292968361,MIN
-0.24642320316840688,-0.19278401241277413,-0.09463713328640416,MIN
-0.19688577040983377,-0.17062219642689083,-0.01901024750616976,MIN
-0.16604862245549806,-0.17346395426457145,-0.11038533975658796,MIN
-0.1303398650781306,-0.1350691720874761,-0.049066599775194036,MIN
-0.12949871046325998,-0.08746409016430728,-0.06695396481315054,MIN
-0.1932511771604806,-0.21295255309213423,-0.03604357264679295,MIN
-0.2526530618608337,-0.23511436907801753,-0.07940528996334537,MIN
-0.20340536959724487,-0.1634478156611307,-0.10466994125082749,MIN
-0.15104952199816318,-0.1412859996752474,-0.03826167503164507,MIN
-0.2397769938652371,-0.19481993139308745,-0.030107351391611123,MIN
-0.1438674156489413,-0.18077459850281022,-0.07638706656668441,MIN
0.14035260817036033,-0.1622113501878088,-0.20374357106688,MAJ
-0.10964739182963967,-0.27332246129891985,0.3962564289331202,MAJ
0.3903526081703603,0.3933442053677467,-0.0037435710668800026,MAJ
-0.4221473918296397,0.060010872034413465,-0.49494357106688,MAJ
0.07785260817036033,-0.38443357241003095,0.10505642893312028,MAJ
-0.17214739182963967,0.28223309425663556,-0.29494357106687996,MAJ
0.3278526081703603,-0.051100239076697695,0.30505642893312024,MAJ
-0.2971473918296397,-0.42147060944706805,-0.09494357106688,MAJ
0.20285260817036033,0.24519605721959858,-0.37494357106688003,MAJ
-0.04714739182963967,-0.08813727611373473,0.22505642893312028,MAJ
0.4528526081703603,-0.19924838722484584,-0.17494357106688002,MAJ
-0.4533973918296397,0.4674182794418208,0.42505642893312023,MAJ
0.04660260817036033,0.13408494610848753,0.02505642893312021,MAJ
-0.20339739182963967,-0.3103594983359569,-0.45494357106688,MAJ
0.2966026081703603,0.35630716833070963,0.14505642893312032,MAJ
-0.3283973918296397,0.022973834997376374,-0.25494357106688,MAJ
0.17160260817036033,-0.4585076464841051,0.3450564289331203,MAJ
-0.07839739182963967,0.2081590201825616,-0.054943571066880026,MAJ
0.4216026081703603,-0.12517431315077177,-0.33494357106688,MAJ
-0.3908973918296397,-0.23628542426188287,0.2650564289331203,MAJ
0.10910260817036033,0.4303812424047837,-0.13494357106688004,MAJ
-0.14089739182963967,0.09704790907145044,0.46505642893312027,MAJ
0.3591026081703603,-0.3473965353729939,0.06505642893312025,MAJ
-0.2658973918296397,0.31927013129367254,-0.41494357106687996,MAJ
0.23410260817036033,-0.01406320203966066,0.18505642893312024,MAJ
-0.015897391829639673,-0.47085332549645076,-0.21494357106688,MAJ
0.4841026081703603,0.19581334117021587,0.3850564289331202,MAJ
-0.4690223918296397,-0.13751999216311744,-0.01494357106687999,MAJ
0.030977608170360327,-0.24863110327422855,-0.47094357106688,MAJ
-0.21902239182963967,0.4180355633924381,0.1290564289331203,MAJ
0.2809776081703603,0.08470223005910482,-0.27094357106688,MAJ
-0.3440223918296397,-0.3597422143853396,0.32905642893312026,MAJ
0.15597760817036033,0.3069244522813269,-0.07094357106687998,MAJ
-0.09402239182963967,-0.02640888105200634,-0.35094357106688,MAJ
0.4059776081703603,-0.3967792514223767,0.2490564289331203,MAJ
-0.4065223918296397,0.26988741524428994,-0.15094357106688,MAJ
0.09347760817036033,-0.06344591808904337,0.44905642893312026,MAJ
-0.15652239182963967,-0.17455702920015448,0.04905642893312023,MAJ
0.3434776081703603,0.49210963746651215,-0.43094357106687997,MAJ
-0.2815223918296397,0.1587763041331789,0.16905642893312034,MAJ
0.21847760817036033,-0.28566814031126553,-0.23094357106688002,MAJ
-0.03152239182963967,0.380998526355401,0.3690564289331203,MAJ
0.4684776081703603,0.04766519302206773,-0.030943571066880005,MAJ
-0.4377723918296397,-0.43381628845941367,-0.31094357106688,MAJ
0.06222760817036033,0.23285037820725296,0.28905642893312034,MAJ
-0.18777239182963967,-0.10048295512608041,-0.11094357106688002,MAJ
0.3122276081703603,-0.2115940662371915,0.4890564289331203,MAJ
-0.3127723918296397,0.45507260042947506,0.08905642893312027,MAJ
0.18722760817036033,0.1217392670961418,-0.39094357106688,MAJ
-0.06277239182963967,-0.32270517734830256,0.20905642893312026,MAJ
0.4372276081703603,0.3439614893183639,-0.19094357106687998,MAJ
-0.3752723918296397,0.010628155985030752,0.4090564289331202,MAJ
0.12472760817036033,-0.48319900450879644,0.009056428933120197,MAJ
-0.12527239182963967,0.18346766215787014,-0.48694357106688,MAJ
0.3747276081703603,-0.14986567117546312,0.11305642893312029,MAJ
-0.2502723918296397,-0.26097678228657417,-0.28694357106687995,MAJ
0.24972760817036033,0.40568988438009246,0.31305642893312025,MAJ
-0.00027239182963967323,0.0723565510467592,-0.08694357106688,MAJ
0.4997276081703603,-0.3720878933976853,-0.36694357106688,MAJ
-0.4995399699546397,0.2945787732689813,0.23305642893312029,MAJ
0.00046003004536032677,-0.03875456006435202,-0.16694357106688001,MAJ
-0.24953996995463967,-0.4091249304347223,0.43305642893312024,MAJ
0.2504600300453603,0.2575417362319443,0.03305642893312022,MAJ
-0.3745399699546397,-0.07579159710138905,-0.44694357106688,MAJ
0.12546003004536033,-0.18690270821250016,0.15305642893312033,MAJ
-0.12453996995463967,0.4797639584541664,-0.24694357106688003,MAJ
0.3754600300453603,0.14643062512083316,0.3530564289331203,MAJ
-0.4370399699546397,-0.2980138193236112,-0.04694357106688002,MAJ
0.06296003004536033,0.36865284734305526,-0.32694357106688,MAJ
-0.18703996995463967,0.035319514009722,0.2730564289331203,MAJ
0.3129600300453603,-0.4461619674717594,-0.12694357106688003,MAJ
-0.3120399699546397,0.22050469919490734,0.4730564289331203,MAJ
0.18796003004536033,-0.11282863413842609,0.07305642893312025,MAJ
-0.06203996995463967,-0.2239397452495372,-0.40694357106688,MAJ
0.4379600300453603,0.44272692141712944,0.19305642893312025,MAJ
-0.4682899699546397,0.10939358808379618,-0.20694357106688,MAJ
0.03171003004536033,-0.33505085636064824,0.3930564289331202,MAJ
-0.21828996995463967,0.3316158103060183,-0.006943571066879983,MAJ
0.2817100300453603,-0.0017175230273149822,-0.46294357106688,MAJ
-0.3432899699546397,-0.4969164256336249,0.1370564289331203,MAJ
0.15671003004536033,0.1697502410330417,-0.26294357106688,MAJ
-0.09328996995463967,-0.1635830923002916,0.33705642893312027,MAJ
0.4067100300453603,-0.2746942034114027,-0.06294357106687998,MAJ
-0.4057899699546397,0.3919724632552639,-0.34294357106688,MAJ
0.09421003004536033,0.058639129921930655,0.2570564289331203,MAJ
-0.15578996995463967,-0.3858053145225138,-0.14294357106688005,MAJ
0.3442100300453603,0.28086135214415275,0.45705642893312026,MAJ
-0.2807899699546397,-0.052471981189180505,0.05705642893312024,MAJ
0.21921003004536033,-0.42284235155955086,-0.42294357106687996,MAJ
-0.030789969954639673,0.24382431510711577,0.17705642893312035,MAJ
0.4692100300453603,-0.08950901822621754,-0.22294357106688,MAJ
-0.4839149699546397,-0.20062012933732865,0.3770564289331203,MAJ
0.016085030045360327,0.466046537329338,-0.022943571066880053,MAJ
-0.23391496995463967,0.13271320399600472,-0.30294357106687997,MAJ
0.2660850300453603,-0.31173124044843975,0.29705642893312034,MAJ
-0.3589149699546397,0.3549354262182268,-0.10294357106688001,MAJ
0.14108503004536033,0.021602092884893564,0.4970564289331203,MAJ
-0.10891496995463967,-0.45987938859658795,0.09705642893312028,MAJ
0.3910850300453603,0.2067872780700788,-0.38294357106688,MAJ
-0.4214149699546397,-0.12654605526325458,0.21705642893312027,MAJ
-0.17141496995463967,0.4290095002923009,0.4170564289331202,MAJ
0.3285850300453603,0.09567616695896763,0.017056428933120205,MAJ
-0.2964149699546397,-0.3487682774854768,-0.47894357106688,MAJ
0.20358503004536033,0.31789838918118973,0.1210564289331203,MAJ
-0.04641496995463967,-0.01543494415214347,-0.27894357106687995,MAJ
0.4535850300453603,-0.47222506760893357,0.32105642893312025,MAJ
-0.4526649699546397,0.19444159905773306,-0.07894357106687999,MAJ
0.04733503004536033,-0.13889173427560025,-0.35894357106688,MAJ
-0.20266496995463967,-0.25000284538671136,0.2410564289331203,MAJ
0.2973350300453603,0.41666382127995527,-0.15894357106688,MAJ
-0.3276649699546397,0.08333048794662201,0.44105642893312025,MAJ
0.17233503004536033,-0.36111395649782246,0.041056428933120226,MAJ
-0.07766496995463967,0.3055527101688441,-0.43894357106688,MAJ
0.4223350300453603,-0.02778062316448915,0.16105642893312033,MAJ
-0.3901649699546397,-0.3981509935348595,-0.23894357106688002,MAJ
0.10983503004536033,0.26851567313180713,0.3610564289331203,MAJ
-0.14016496995463967,-0.06481766020152618,-0.03894357106688001,MAJ
0.3598350300453603,-0.1759287713126373,-0.31894357106688,MAJ
-0.2651649699546397,0.49073789535402934,0.28105642893312033,MAJ
-0.015164969954639673,-0.2870398824237484,0.4810564289331203,MAJ
0.4848350300453603,0.3796267842429182,0.08105642893312026,MAJ
-0.4917274699546397,0.04629345090958492,-0.39894357106688,MAJ
0.008272530045360327,-0.43518803057189653,0.20105642893312026,MAJ
-0.24172746995463967,0.23147863609477015,-0.19894357106688,MAJ
0.2582725300453603,-0.10185469723856322,0.4010564289331202,MAJ
-0.3667274699546397,-0.21296580834967432,0.0010564289331201904,MAJ
0.13327253004536033,0.45370085831699225,-0.49814357106688,MAJ
-0.11672746995463967,0.12036752498365899,0.1018564289331203,MAJ
0.3832725300453603,-0.32407691946078543,-0.29814357106688,MAJ
-0.4292274699546397,0.3425897472058811,0.30185642893312026,MAJ
0.07077253004536033,0.009256413872547942,-0.09814357106688004,MAJ
-0.17922746995463967,-0.48457074662127925,-0.37814357106688,MAJ
0.3207725300453603,0.18209592004538733,0.2218564289331203,MAJ
-0.3042274699546397,-0.15123741328794593,-0.17814357106688006,MAJ
0.19577253004536033,-0.26234852439905704,0.42185642893312025,MAJ
-0.05422746995463967,0.40431814226760965,0.02185642893312023,MAJ
0.4457725300453603,0.07098480893427639,-0.45814357106688003,MAJ
-0.4604774699546397,-0.37345963551016814,0.14185642893312034,MAJ
0.03952253004536033,0.2932070311564985,-0.25814357106688,MAJ
-0.21047746995463967,-0.04012630217683483,0.3418564289331203,MAJ
0.2895225300453603,-0.4104966725472052,-0.05814357106688006,MAJ
-0.3354774699546397,0.2561699941194615,-0.33814357106688,MAJ
0.16452253004536033,-0.07716333921387186,0.26185642893312033,MAJ
-0.08547746995463967,-0.18827445032498297,-0.13814357106688008,MAJ
0.4145225300453603,0.4783922163416836,0.4618564289331203,MAJ
-0.3979774699546397,0.14505888300835035,0.06185642893312027,MAJ
0.10202253004536033,-0.29938556143609407,-0.41814357106688,MAJ
-0.14797746995463967,0.36728110523057245,0.18185642893312026,MAJ
0.3520225300453603,0.03394777189723919,-0.21814357106688004,MAJ
-0.2729774699546397,-0.4475337095842422,0.3818564289331202,MAJ
0.22702253004536033,0.21913295708242453,-0.018143571066880027,MAJ
-0.022977469954639673,-0.1142003762509089,-0.47414357106688,MAJ
0.4770225300453603,-0.22531148736202,0.12585642893312032,MAJ
-0.4761024699546397,0.4413551793046466,-0.27414357106688003,MAJ
0.023897530045360327,0.10802184597131337,0.3258564289331203,MAJ
-0.22610246995463967,-0.3364225984731311,-0.07414357106688002,MAJ
0.2738975300453603,0.33024406819353547,-0.35414357106688,MAJ
-0.3511024699546397,-0.003089265139797792,0.24585642893312032,MAJ
0.14889753004536033,-0.48868597295872784,-0.15414357106688004,MAJ
-0.10110246995463967,0.1779806937079388,0.4458564289331203,MAJ
0.3988975300453603,-0.15535263962539447,0.04585642893312025,MAJ
-0.4136024699546397,-0.26646375073650563,-0.43414357106687995,MAJ
0.08639753004536033,0.400202915930161,0.16585642893312036,MAJ
-0.16360246995463967,0.06686958259682774,-0.23414357106688005,MAJ
0.3363975300453603,-0.3775748618476167,0.3658564289331203,MAJ
-0.2886024699546397,0.28909180481904984,-0.03414357106688004,MAJ
0.21139753004536033,-0.04424152851428337,-0.31414357106688,MAJ
-0.03860246995463967,-0.4146118988846538,0.28585642893312035,MAJ
0.4613975300453603,0.25205476778201286,-0.11414357106688006,MAJ
-0.4448524699546397,-0.0812785655513204,0.4858564289331203,MAJ
0.05514753004536033,-0.1923896766624315,0.08585642893312029,MAJ
-0.19485246995463967,0.47427699000423507,-0.39414357106687997,MAJ
0.3051475300453603,0.1409436566709018,0.20585642893312028,MAJ
-0.3198524699546397,-0.3035007877735426,-0.19414357106688002,MAJ
0.18014753004536033,0.3631658788931239,0.40585642893312024,MAJ
-0.06985246995463967,0.029832545559790646,0.005856428933120217,MAJ
0.4301475300453603,-0.4516489359216908,-0.49014357106688,MAJ
-0.3823524699546397,0.21501773074497588,0.10985642893312031,MAJ
0.11764753004536033,-0.11831560258835744,-0.29014357106688,MAJ
-0.13235246995463967,-0.22942671369946854,0.30985642893312026,MAJ
0.3676475300453603,0.437239952967198,-0.09014357106688003,MAJ
-0.2573524699546397,0.10390661963386472,-0.37014357106688,MAJ
0.24264753004536033,-0.3405378248105797,0.2298564289331203,MAJ
-0.007352469954639673,0.3261288418560868,-0.17014357106688005,MAJ
0.4926475300453603,-0.007204491477246333,0.42985642893312026,MAJ
-0.4956337199546397,-0.4639946149340365,0.029856428933120238,MAJ
0.004366280045360327,0.20267205173263014,-0.45014357106688,MAJ
-0.24563371995463967,-0.13066128160070312,0.14985642893312034,MAJ
0.2543662800453603,-0.24177239271181422,-0.25014357106688,MAJ
-0.3706337199546397,0.42489427395485235,0.3498564289331203,MAJ
0.12936628004536033,0.0915609406215191,-0.050143571066880055,MAJ
-0.12063371995463967,-0.3528835038229253,-0.33014357106687997,MAJ
0.3793662800453603,0.3137831628437412,0.26985642893312034,MAJ
-0.4331337199546397,-0.01955017048959201,-0.13014357106688007,MAJ
0.06686628004536033,-0.3899205408599624,0.4698564289331203,MAJ
-0.18313371995463967,0.2767461258067042,0.06985642893312027,MAJ
0.3168662800453603,-0.056587207526629046,-0.41014357106688,MAJ
-0.3081337199546397,-0.16769831863774015,0.18985642893312027,MAJ
0.19186628004536033,0.4989683480289264,-0.21014357106688003,MAJ
-0.05813371995463967,0.16563501469559316,0.3898564289331202,MAJ
0.4418662800453603,-0.27880942974885126,-0.01014357106688002,MAJ
-0.4643837199546397,0.38785723691781526,-0.46614357106688,MAJ
0.03561628004536033,0.054523903584482,0.13385642893312033,MAJ
-0.21438371995463967,-0.4269575778969994,-0.26614357106688,MAJ
0.2856162800453603,0.23970908876966723,0.3338564289331203,MAJ
-0.3393837199546397,-0.09362424456366608,-0.06614357106688001,MAJ
0.16061628004536033,-0.2047353556747772,-0.34614357106688,MAJ
-0.08938371995463967,0.46193131099188933,0.2538564289331203,MAJ
0.4106162800453603,0.12859797765855607,-0.14614357106688008,MAJ
-0.4018837199546397,-0.31584646678588835,0.4538564289331203,MAJ
0.09811628004536033,0.35082019988077817,0.05385642893312026,MAJ
-0.15188371995463967,0.017486866547445024,-0.42614357106687994,MAJ
0.3481162800453603,-0.47634029394638217,0.17385642893312037,MAJ
-0.2768837199546397,0.1903263727202844,-0.22614357106688004,MAJ
0.22311628004536033,-0.1430069606130488,0.3738564289331203,MAJ
-0.026883719954639673,-0.2541180717241599,-0.02614357106688009,MAJ
0.4731162800453603,0.41254859494250673,-0.30614357106688,MAJ
-0.4800087199546397,0.07921526160917347,0.29385642893312036,MAJ
0.019991280045360327,-0.36522918283527106,-0.10614357106688005,MAJ
-0.23000871995463967,0.30143748383139557,0.4938564289331203,MAJ
0.2699912800453603,-0.03189584950193769,0.0938564289331203,MAJ
-0.3550087199546397,-0.40226621987230804,-0.38614357106687996,MAJ
0.14499128004536033,0.2644004467943586,0.2138564289331203,MAJ
-0.10500871995463967,-0.06893288653897472,-0.18614357106688,MAJ
0.3949912800453603,-0.18004399765008583,0.41385642893312025,MAJ
-0.4175087199546397,0.4866226690165807,0.013856428933120224,MAJ
0.08249128004536033,0.15328933568324743,-0.48214357106688,MAJ
-0.16750871995463967,-0.291155108761197,0.11785642893312032,MAJ
0.3324912800453603,0.37551155790546953,-0.28214357106688,MAJ
-0.2925087199546397,0.04217822457213627,0.31785642893312027,MAJ
0.20749128004536033,-0.43930325690934513,-0.08214357106688003,MAJ
-0.04250871995463967,0.2273634097573216,-0.36214357106688,MAJ
0.4574912800453603,-0.10596992357601176,0.2378564289331203,MAJ
-0.4487587199546397,-0.21708103468712286,-0.16214357106688004,MAJ
0.05124128004536033,0.4495856319795437,0.43785642893312027,MAJ
-0.19875871995463967,0.11625229864621045,0.037856428933120245,MAJ
0.3012412800453603,-0.32819214579823397,-0.44214357106688,MAJ
-0.3237587199546397,0.33847452086843255,0.15785642893312035,MAJ
0.17624128004536033,0.00514118753509929,-0.24214357106688006,MAJ
-0.07375871995463967,-0.4928011992961764,0.3578564289331203,MAJ
0.4262412800453603,0.17386546737049025,-0.04214357106688005,MAJ
-0.3862587199546397,-0.15946786596284307,-0.32214357106688,MAJ
0.11374128004536033,-0.2705789770739542,0.27785642893312035,MAJ
-0.13625871995463967,0.39608768959271246,-0.12214357106688006,MAJ
0.3637412800453603,0.0627543562593792,0.4778564289331203,MAJ
-0.2612587199546397,-0.3816900881850653,0.07785642893312028,MAJ
0.23874128004536033,0.2849765784816013,-0.40214357106688,MAJ
-0.011258719954639673,-0.048356754851731965,0.19785642893312028,MAJ
0.4887412800453603,-0.4187271252221023,-0.20214357106688002,MAJ
-0.4878212199546397,0.24793954144456432,0.39785642893312023,MAJ
0.012178780045360327,-0.085393791888769,-0.0021435710668800123,MAJ
-0.23782121995463967,-0.1965049029998801,-0.49334357106688,MAJ
0.2621787800453603,0.4701617636667865,0.10665642893312022,MAJ
-0.3628212199546397,0.13682843033345327,-0.29334357106688,MAJ
0.13717878004536033,-0.30761601411099115,0.3066564289331202,MAJ
-0.11282121995463967,0.35905065255567536,-0.09334357106688002,MAJ
0.3871787800453603,0.025717319222342105,-0.37334357106688,MAJ
-0.4253212199546397,-0.45576416225913935,0.2266564289331202,MAJ
0.07467878004536033,0.21090250440752734,-0.17334357106688003,MAJ
-0.17532121995463967,-0.12243082892580603,0.42665642893312017,MAJ
0.3246787800453603,-0.23354194003691714,0.026656428933120146,MAJ
-0.3003212199546397,0.43312472662974943,-0.45334357106688,MAJ
0.19967878004536033,0.09979139329641618,0.14665642893312025,MAJ
-0.05032121995463967,-0.34465305114802824,-0.25334357106688,MAJ
0.4496787800453603,0.3220136155186383,0.3466564289331202,MAJ
-0.4565712199546397,-0.01131971781469493,-0.053343571066880036,MAJ
0.04342878004536033,-0.468109841271485,-0.33334357106688,MAJ
-0.20657121995463967,0.1985568253951816,0.26665642893312025,MAJ
0.2934287800453603,-0.1347765079381517,-0.13334357106688005,MAJ
-0.3315712199546397,-0.24588761904926282,0.4666564289331202,MAJ
0.16842878004536033,0.4207790476174038,0.06665642893312018,MAJ
-0.08157121995463967,0.08744571428407055,-0.41334357106687997,MAJ
0.4184287800453603,-0.35699873016037387,0.18665642893312018,MAJ
-0.3940712199546397,0.30966793650629265,-0.21334357106688,MAJ
0.10592878004536033,-0.023665396827040608,0.38665642893312013,MAJ
-0.14407121995463967,-0.39403576719741096,-0.01334357106688,MAJ
0.3559287800453603,0.27263089946925567,-0.46934357106688,MAJ
-0.2690712199546397,-0.06070243386407764,0.13065642893312024,MAJ
0.23092878004536033,-0.17181354497518875,-0.26934357106688,MAJ
-0.019071219954639673,0.4948531216914779,0.3306564289331202,MAJ
0.4809287800453603,0.16151978835814462,-0.06934357106688,MAJ
-0.4721962199546397,-0.2829246560862998,-0.34934357106688,MAJ
0.027803780045360327,0.3837420105803667,0.25065642893312023,MAJ
0.2778037800453603,-0.431072804234448,0.4506564289331202,MAJ
-0.3471962199546397,0.2355938624322187,0.05065642893312017,MAJ
0.15280378004536033,-0.09773947090111468,-0.42934357106688,MAJ
-0.09719621995463967,-0.20885058201222578,0.17065642893312027,MAJ
0.4028037800453603,0.4578160846544408,-0.22934357106688003,MAJ
-0.4096962199546397,0.12448275132110753,0.37065642893312023,MAJ
0.09030378004536033,-0.3199616931233369,-0.029343571066880014,MAJ
-0.15969621995463967,0.34670497354332963,-0.30934357106688004,MAJ
0.3403037800453603,0.013371640209996483,0.29065642893312027,MAJ
-0.2846962199546397,-0.4804555202838307,-0.10934357106688003,MAJ
0.21530378004536033,0.18621114638283587,0.4906564289331202,MAJ
-0.03469621995463967,-0.1471221869504974,0.0906564289331202,MAJ
0.4653037800453603,-0.25823329806160844,-0.38934357106688,MAJ
-0.4409462199546397,0.4084333686050582,0.2106564289331202,MAJ
0.05905378004536033,0.07510003527172493,-0.18934357106688,MAJ
-0.19094621995463967,-0.3693444091727196,0.41065642893312015,MAJ
0.3090537800453603,0.29732225749394703,0.010656428933120132,MAJ
-0.3159462199546397,-0.036011075839386286,-0.48534357106688,MAJ
0.18405378004536033,-0.40638144620975664,0.11465642893312022,MAJ
-0.06594621995463967,0.26028522045691005,-0.28534357106688,MAJ
0.4340537800453603,-0.07304811287642332,0.3146564289331202,MAJ
-0.3784462199546397,-0.18415922398753443,-0.08534357106688001,MAJ
0.12155378004536033,0.48250744267913215,-0.36534357106688,MAJ
-0.12844621995463967,0.1491741093457989,0.23465642893312022,MAJ
0.3715537800453603,-0.29527033509864553,-0.16534357106688002,MAJ
-0.2534462199546397,0.371396331568021,0.4346564289331202,MAJ
0.24655378004536033,0.03806299823468773,0.034656428933120154,MAJ
-0.0034462199546396732,-0.44341848324679367,-0.44534357106688,MAJ
0.4965537800453603,0.22324818341987307,0.15465642893312026,MAJ
-0.4975868449546397,-0.11008514991346036,-0.24534357106688004,MAJ
0.0024131550453603268,-0.22119626102457146,0.3546564289331202,MAJ
-0.24758684495463967,0.44547040564209517,-0.04534357106688003,MAJ
0.2524131550453603,0.11213707230876191,-0.32534357106688,MAJ
-0.3725868449546397,-0.3323073721356825,0.27465642893312026,MAJ
0.12741315504536033,0.334359294530984,-0.12534357106688004,MAJ
-0.12258684495463967,0.0010259611976507488,0.4746564289331202,MAJ
0.3774131550453603,-0.4982881677461078,0.07465642893312019,MAJ
-0.4350868449546397,0.16837849892055878,-0.40534357106688,MAJ
0.06491315504536033,-0.16495483441277448,0.19465642893312018,MAJ
-0.18508684495463967,-0.2760659455238855,-0.20534357106688,MAJ
0.3149131550453603,0.390600721142781,0.39465642893312014,MAJ
-0.3100868449546397,0.057267387809447734,-0.005343571066879993,MAJ
0.18991315504536033,-0.3871770566349967,-0.46134357106688,MAJ
-0.06008684495463967,0.27948961003166983,0.13865642893312025,MAJ
0.4399131550453603,-0.05384372330166337,-0.26134357106688,MAJ
-0.4663368449546397,-0.4242140936720337,0.3386564289331202,MAJ
0.03366315504536033,0.24245257299463285,-0.06134357106687999,MAJ
-0.21633684495463967,-0.0908807603387004,-0.34134357106688,MAJ
0.2836631550453603,-0.2019918714498115,0.25865642893312024,MAJ
-0.3413368449546397,0.46467479521685506,-0.14134357106688006,MAJ
0.15866315504536033,0.1313414618835218,0.4586564289331202,MAJ
-0.09133684495463967,-0.3131029825609226,0.058656428933120175,MAJ
0.4086631550453603,0.3535636841057439,-0.42134357106688,MAJ
-0.4038368449546397,0.020230350772410644,0.17865642893312028,MAJ
0.09616315504536033,-0.46125113070907076,-0.22134357106688002,MAJ
-0.15383684495463967,0.20541553595759587,0.37865642893312024,MAJ
0.3461631550453603,-0.12791779737573744,-0.021343571066880063,MAJ
-0.2788368449546397,-0.23902890848684855,-0.30134357106688003,MAJ
0.22116315504536033,0.427637758179818,0.2986564289331203,MAJ
-0.028836844954639673,0.09430442484648471,-0.10134357106688002,MAJ
0.4711631550453603,-0.3501400195979596,0.49865642893312023,MAJ
-0.4819618449546397,0.3165266470687068,0.09865642893312021,MAJ
0.018038155045360327,-0.016806686264626336,-0.38134357106688,MAJ
-0.23196184495463967,-0.47359680972141643,0.2186564289331202,MAJ
0.2680381550453603,0.19306985694525014,-0.18134357106687998,MAJ
-0.3569618449546397,-0.14026347638808312,0.41865642893312016,MAJ
0.14303815504536033,-0.25137458749919417,0.01865642893312014,MAJ
-0.10696184495463967,0.41529207916747235,-0.47734357106688,MAJ
0.3930381550453603,0.08195874583413909,0.12265642893312023,MAJ
-0.4194618449546397,-0.36248569861030533,-0.27734357106688,MAJ
0.08053815504536033,0.3041809680563612,0.3226564289331202,MAJ
-0.16946184495463967,-0.029152365276972014,-0.07734357106688,MAJ
0.3305381550453603,-0.39952273564734236,-0.35734357106688,MAJ
-0.2944618449546397,0.2671439310193242,0.24265642893312023,MAJ
0.20553815504536033,-0.06618940231400905,-0.15734357106688002,MAJ
-0.04446184495463967,-0.17730051342512015,0.4426564289331202,MAJ
0.4555381550453603,0.4893661532415464,0.04265642893312016,MAJ
-0.4507118449546397,0.15603281990821316,-0.43734357106688,MAJ
0.04928815504536033,-0.28841162453623126,0.16265642893312027,MAJ
-0.20071184495463967,0.37825504213043526,-0.23734357106688003,MAJ
0.2992881550453603,0.044921708797102,0.3626564289331202,MAJ
-0.3257118449546397,-0.4365597726843794,-0.03734357106688002,MAJ
0.17428815504536033,0.23010689398228723,-0.31734357106688005,MAJ
-0.07571184495463967,-0.10322643935104608,0.28265642893312026,MAJ
0.4242881550453603,-0.2143375504621572,-0.11734357106688004,MAJ
-0.3882118449546397,0.45232911620450933,0.4826564289331202,MAJ
0.11178815504536033,0.11899578287117607,0.0826564289331202,MAJ
-0.13821184495463967,-0.32544866157326824,-0.39734357106688,MAJ
0.3617881550453603,0.34121800509339817,0.2026564289331202,MAJ
-0.2632118449546397,0.00788467176006502,-0.19734357106688,MAJ
0.23678815504536033,-0.4859424887337621,0.40265642893312015,MAJ
0.4867881550453603,-0.1526091554004288,-0.49654357106688,MAJ
-0.4897743449546397,-0.2637202665115399,0.10345642893312024,MAJ
0.010225655045360327,0.4029464001551267,-0.29654357106688,MAJ
-0.23977434495463967,0.06961306682179347,0.3034564289331202,MAJ
0.2602256550453603,-0.374831377622651,-0.09654357106688005,MAJ
-0.3647743449546397,0.29183528904401557,-0.37654357106687997,MAJ
0.13522565504536033,-0.04149804428931769,0.22345642893312023,MAJ
-0.11477434495463967,-0.41186841465968804,-0.17654357106688007,MAJ
0.3852256550453603,0.2547982520069786,0.4234564289331202,MAJ
-0.4272743449546397,-0.07853508132635473,0.023456428933120166,MAJ
0.07272565504536033,-0.18964619243746583,-0.45654357106688,MAJ
-0.17727434495463967,0.4770204742292007,0.14345642893312027,MAJ
0.3227256550453603,0.14368714089586743,-0.25654357106687997,MAJ
-0.3022743449546397,-0.3007573035485769,0.34345642893312023,MAJ
0.19772565504536033,0.3659093631180895,-0.05654357106688007,MAJ
-0.05227434495463967,0.032576029784756266,-0.33654357106688,MAJ
0.4477256550453603,-0.4489054516967251,0.26345642893312027,MAJ
-0.4585243449546397,0.2177612149699416,-0.1365435710668801,MAJ
0.04147565504536033,-0.11557211836339176,0.4634564289331202,MAJ
-0.20852434495463967,-0.22668322947450287,0.0634564289331202,MAJ
0.2914756550453603,0.4399834371921637,-0.41654357106688,MAJ
-0.3335243449546397,0.10665010385883045,0.1834564289331202,MAJ
0.16647565504536033,-0.337794340585614,-0.21654357106688005,MAJ
-0.08352434495463967,0.32887232608105255,0.38345642893312015,MAJ
0.4164756550453603,-0.004461007252280658,-0.016543571066880036,MAJ
-0.3960243449546397,-0.49005771507121065,-0.47254357106688,MAJ
0.10397565504536033,0.17660895159545587,0.12745642893312026,MAJ
-0.14602434495463967,-0.15672438173787734,-0.27254357106688,MAJ
0.3539756550453603,-0.26783549284898844,0.3274564289331202,MAJ
-0.2710243449546397,0.3988311738176781,-0.07254357106688003,MAJ
0.22897565504536033,0.06549784048434482,-0.35254357106688,MAJ
-0.021024344954639673,-0.37894660396009955,0.24745642893312025,MAJ
0.4789756550453603,0.2877200627065669,-0.15254357106688005,MAJ
-0.4741493449546397,-0.045613270626766234,0.4474564289331202,MAJ
0.025850655045360327,-0.4159836409971366,0.04745642893312019,MAJ
-0.22414934495463967,0.25068302566952994,-0.43254357106688,MAJ
0.2758506550453603,-0.08265030766380327,0.1674564289331203,MAJ
-0.3491493449546397,-0.19376141877491437,-0.23254357106688006,MAJ
0.15085065504536033,0.47290524789175215,0.36745642893312025,MAJ
-0.09914934495463967,0.13957191455841889,-0.03254357106688005,MAJ
0.4008506550453603,-0.3048725298860255,-0.31254357106688,MAJ
-0.4116493449546397,0.361794136780641,0.2874564289331203,MAJ
0.08835065504536033,0.028460803447307725,-0.11254357106688007,MAJ
-0.16164934495463967,-0.4530206780341737,0.48745642893312024,MAJ
0.3383506550453603,0.21364598863249296,0.08745642893312022,MAJ
-0.2866493449546397,-0.1196873447008403,-0.39254357106688,MAJ
0.21335065504536033,-0.2307984558119514,0.20745642893312022,MAJ
-0.03664934495463967,0.43586821085471505,-0.19254357106688003,MAJ
0.4633506550453603,0.1025348775213818,0.4074564289331202,MAJ
-0.4428993449546397,-0.3419095669230625,0.007456428933120152,MAJ
0.05710065504536033,0.3247570997436039,-0.48854357106688,MAJ
-0.19289934495463967,-0.008576233589729199,0.11145642893312024,MAJ
0.3071006550453603,-0.46536635704651935,-0.28854357106688,MAJ
-0.3178993449546397,0.20130030962014722,0.3114564289331202,MAJ
0.18210065504536033,-0.13203302371318598,-0.08854357106688004,MAJ
-0.06789934495463967,-0.2431441348242971,-0.36854357106687996,MAJ
0.4321006550453603,0.42352253184236943,0.23145642893312024,MAJ
-0.3803993449546397,0.09018919850903617,-0.16854357106688006,MAJ
0.11960065504536033,-0.3542552459354082,0.4314564289331202,MAJ
-0.13039934495463967,0.31241142073125827,0.03145642893312017,MAJ
0.3696006550453603,-0.020921912602074877,-0.44854357106688003,MAJ
-0.2553993449546397,-0.3912922829724452,0.15145642893312028,MAJ
0.24460065504536033,0.2753743836942213,-0.24854357106688002,MAJ
-0.005399344954639673,-0.05795894963911191,0.35145642893312024,MAJ
0.4946006550453603,-0.16907006075022302,-0.048543571066880065,MAJ
-0.4936805949546397,0.4975966059164435,-0.32854357106688,MAJ
0.006319405045360327,0.16426327258311024,0.2714564289331203,MAJ
-0.24368059495463967,-0.2801811718613341,-0.12854357106688008,MAJ
0.2563194050453603,0.38648549480533234,0.47145642893312023,MAJ
-0.3686805949546397,0.05315216147199908,0.07145642893312021,MAJ
0.13131940504536033,-0.42832932000948226,-0.40854357106688,MAJ
-0.11868059495463967,0.2383373466571843,0.1914564289331202,MAJ
0.3813194050453603,-0.09499598667614895,-0.20854357106688004,MAJ
-0.4311805949546397,-0.20610709778726005,0.39145642893312016,MAJ
0.06881940504536033,0.4605595688794064,-0.008543571066880029,MAJ
-0.18118059495463967,0.12722623554607315,-0.46454357106688,MAJ
0.3188194050453603,-0.31721820889837116,0.13545642893312027,MAJ
-0.3061805949546397,0.34944845776829525,-0.26454357106688,MAJ
0.19381940504536033,0.016115124434962103,0.3354564289331202,MAJ
-0.05618059495463967,-0.47771203605886503,-0.06454357106688002,MAJ
0.4438194050453603,0.1889546306078015,-0.34454357106688,MAJ
-0.4624305949546397,-0.14437870272553166,0.25545642893312026,MAJ
0.03756940504536033,-0.25548981383664277,-0.1445435710668801,MAJ
-0.21243059495463967,0.4111768528300238,0.4554564289331202,MAJ
0.2875694050453603,0.07784351949669055,0.055456428933120194,MAJ
-0.3374305949546397,-0.36660092494775387,-0.42454357106688,MAJ
0.16256940504536033,0.30006574171891265,0.1754564289331203,MAJ
-0.08743059495463967,-0.033267591614420555,-0.22454357106688005,MAJ
0.4125694050453603,-0.4036379619847909,0.37545642893312026,MAJ
-0.3999305949546397,0.26302870468187567,-0.0245435710668801,MAJ
0.10006940504536033,-0.07030462865145759,-0.30454357106688,MAJ
-0.14993059495463967,-0.1814157397625687,0.2954564289331203,MAJ
0.3500694050453603,0.48525092690409777,-0.10454357106688006,MAJ
-0.2749305949546397,0.1519175935707645,0.49545642893312025,MAJ
0.22506940504536033,-0.2925268508736798,0.09545642893312023,MAJ
-0.024930594954639673,0.3741398157929866,-0.38454357106688,MAJ
0.4750694050453603,0.04080648245965335,0.21545642893312023,MAJ
-0.4780555949546397,-0.440674999021828,-0.18454357106688002,MAJ
0.021944405045360327,0.2259916676448387,0.4154564289331202,MAJ
-0.22805559495463967,-0.10734166568849463,0.015456428933120159,MAJ
0.2719444050453603,-0.21845277679960573,-0.48054357106688,MAJ
-0.3530555949546397,0.4482138898670608,0.11945642893312025,MAJ
0.14694440504536033,0.11488055653372753,-0.28054357106688,MAJ
-0.10305559495463967,-0.32956388791071684,0.3194564289331202,MAJ
0.3969444050453603,0.33710277875594963,-0.08054357106688004,MAJ
-0.4155555949546397,0.0037694454226163687,-0.36054357106687995,MAJ
0.08444440504536033,-0.49417294140865925,0.23945642893312025,MAJ
-0.16555559495463967,0.17249372525800732,-0.16054357106688005,MAJ
0.3344444050453603,-0.16083960807532593,0.4394564289331202,MAJ
-0.2905555949546397,-0.271950719186437,0.03945642893312018,MAJ
0.20944440504536033,0.39471594748022953,-0.44054357106688,MAJ
-0.04055559495463967,0.061382614146896275,0.1594564289331203,MAJ
0.4594444050453603,-0.38306183029754814,-0.24054357106688007,MAJ
-0.4468055949546397,0.2836048363691184,0.35945642893312024,MAJ
0.05319440504536033,-0.04972849696421483,-0.04054357106688006,MAJ
-0.19680559495463967,-0.4200988673345852,-0.32054357106688003,MAJ
0.3031944050453603,0.2465677993320814,0.2794564289331203,MAJ
-0.3218055949546397,-0.08676553400125186,-0.12054357106688007,MAJ
0.17819440504536033,-0.19787664511236297,0.47945642893312024,MAJ
-0.07180559495463967,0.4687900215543036,0.07945642893312022,MAJ
0.4281944050453603,0.13545668822097034,-0.40054357106688,MAJ
-0.3843055949546397,-0.308987756223474,0.1994564289331202,MAJ
0.11569440504536033,0.35767891044319244,-0.20054357106688003,MAJ
-0.13430559495463967,0.024345577109859184,0.39945642893312017,MAJ
0.3656944050453603,-0.4571359043716222,-0.000543571066880022,MAJ
-0.2593055949546397,0.20953076229504441,-0.49878357106688,MAJ
0.24069440504536033,-0.1238025710382889,0.10121642893312022,MAJ
-0.009305594954639673,-0.2349136821494,-0.29878357106688,MAJ
0.4906944050453603,0.4317529845172665,0.3012164289331202,MAJ
-0.4858680949546397,0.09841965118393325,-0.09878357106688002,MAJ
0.014131905045360327,-0.34602479326051105,-0.37878357106688,MAJ
-0.23586809495463967,0.32064187340615535,0.2212164289331202,MAJ
0.2641319050453603,-0.012691459927177795,-0.17878357106688003,MAJ
-0.3608680949546397,-0.4694815833839679,0.42121642893312017,MAJ
0.13913190504536033,0.19718508328269868,0.021216428933120146,MAJ
-0.11086809495463967,-0.13614825005063458,-0.45878357106688,MAJ
0.3891319050453603,-0.24725936116174568,0.14121642893312025,MAJ
-0.4233680949546397,0.4194073055049209,-0.25878357106688,MAJ
0.07663190504536033,0.08607397217158763,0.3412164289331202,MAJ
-0.17336809495463967,-0.35837047227285673,-0.058783571066880036,MAJ
0.3266319050453603,0.30829619439380973,-0.33878357106688,MAJ
-0.2983680949546397,-0.025037138939523473,0.26121642893312025,MAJ
0.20163190504536033,-0.3954075093098938,-0.13878357106688005,MAJ
-0.04836809495463967,0.27125915735677275,0.4612164289331202,MAJ
0.4516319050453603,-0.06207417597656051,0.06121642893312018,MAJ
-0.4546180949546397,-0.1731852870876716,-0.41878357106687997,MAJ
0.04538190504536033,0.49348137957899496,0.18121642893312018,MAJ
-0.20461809495463967,0.1601480462456617,-0.21878357106688,MAJ
0.2953819050453603,-0.28429639819878266,0.38121642893312013,MAJ
-0.3296180949546397,0.3823702684678838,-0.01878357106688,MAJ
0.17038190504536033,0.04903693513455054,-0.47478357106688,MAJ
-0.07961809495463967,-0.43244454634693086,0.12521642893312024,MAJ
0.4203819050453603,0.23422212031973577,-0.27478357106688,MAJ
-0.3921180949546397,-0.09911121301359754,0.3252164289331202,MAJ
-0.14211809495463967,0.45644434254195787,-0.35478357106688,MAJ
0.3578819050453603,0.12311100920862461,0.24521642893312023,MAJ
-0.2671180949546397,-0.3213334352358197,-0.15478357106688,MAJ
0.23288190504536033,0.3453332314308467,0.4452164289331202,MAJ
-0.017118094954639673,0.011999898097513562,0.04521642893312017,MAJ
0.4828819050453603,-0.48182726239631357,-0.43478357106688,MAJ
-0.4702430949546397,0.18483940427035295,0.16521642893312027,MAJ
0.029756905045360327,-0.14849392906298026,-0.23478357106688003,MAJ
-0.22024309495463967,-0.2596050401740913,0.36521642893312023,MAJ
0.2797569050453603,0.40706162649257527,-0.034783571066880015,MAJ
-0.3452430949546397,0.07372829315924201,-0.31478357106688004,MAJ
0.15475690504536033,-0.3707161512852024,0.28521642893312027,MAJ
-0.09524309495463967,0.2959505153814641,-0.11478357106688003,MAJ
0.4047569050453603,-0.03738281795186915,0.4852164289331202,MAJ
-0.4077430949546397,-0.4077531883222395,0.0852164289331202,MAJ
0.09225690504536033,0.25891347834442713,-0.39478357106688,MAJ
-0.15774309495463967,-0.07441985498890619,0.2052164289331202,MAJ
0.3422569050453603,-0.1855309661000173,-0.19478357106688,MAJ
-0.2827430949546397,0.4811357005666492,0.40521642893312015,MAJ
0.21725690504536033,0.14780236723331597,0.005216428933120132,MAJ
-0.03274309495463967,-0.29664207721112834,-0.49078357106688,MAJ
0.4672569050453603,0.37002458945553807,0.10921642893312022,MAJ
-0.4389930949546397,0.03669125612220481,-0.29078357106688,MAJ
0.06100690504536033,-0.44479022535927654,0.3092164289331202,MAJ
-0.18899309495463967,0.22187644130739015,-0.09078357106688001,MAJ
0.3110069050453603,-0.11145689202594322,-0.37078357106688,MAJ
-0.3139930949546397,-0.22256800313705433,0.22921642893312022,MAJ
0.18600690504536033,0.44409866352961225,-0.17078357106688002,MAJ
-0.06399309495463967,0.11076533019627899,0.4292164289331202,MAJ
0.4360069050453603,-0.3336791142481654,0.029216428933120153,MAJ
-0.3764930949546397,0.3329875524185011,-0.45078357106688,MAJ
0.12350690504536033,-0.0003457809148321167,0.14921642893312026,MAJ
-0.12649309495463967,-0.49874541511693543,-0.25078357106688,MAJ
0.3735069050453603,0.16792125154973125,0.3492164289331202,MAJ
-0.2514930949546397,-0.16541208178360212,-0.05078357106688003,MAJ
0.24850690504536033,-0.27652319289471317,-0.33078357106688,MAJ
-0.0014930949546396732,0.39014347377195346,0.26921642893312026,MAJ
0.4985069050453603,0.056810140438620205,-0.13078357106688004,MAJ
-0.4985634074546397,-0.3876343040058243,0.4692164289331202,MAJ
-0.24856340745463967,-0.05430097067249101,-0.41078357106688,MAJ
0.2514365925453603,-0.4246713410428613,0.18921642893312018,MAJ
-0.3735634074546397,0.24199532562380532,-0.21078357106688,MAJ
0.12643659254536033,-0.09133800770952805,0.38921642893312014,MAJ
0.3764365925453603,0.46421754784602753,-0.46678357106688,MAJ
-0.4360634074546397,0.13088421451269427,0.13321642893312025,MAJ
0.06393659254536033,-0.31356022993175026,-0.26678357106688,MAJ
-0.18606340745463967,0.3531064367349164,0.3332164289331202,MAJ
0.3139365925453603,0.019773103401583114,-0.06678357106687999,MAJ
-0.3110634074546397,-0.4617083780798984,-0.34678357106688,MAJ
0.18893659254536033,0.20495828858676834,0.25321642893312024,MAJ
-0.06106340745463967,-0.12837504474656508,-0.14678357106688006,MAJ
0.4389365925453603,-0.2394861558576762,0.4532164289331202,MAJ
-0.4673134074546397,0.42718051080899044,0.053216428933120175,MAJ
0.03268659254536033,0.09384717747565718,-0.42678357106688,MAJ
-0.21731340745463967,-0.35059726696878724,0.17321642893312028,MAJ
0.2826865925453603,0.3160693996978793,-0.22678357106688002,MAJ
-0.3423134074546397,-0.017263933635453976,0.37321642893312024,MAJ
0.15768659254536033,-0.4740540570922441,-0.026783571066880063,MAJ
-0.09231340745463967,0.1926126095744226,-0.30678357106688003,MAJ
0.4076865925453603,-0.14072072375891076,0.2932164289331203,MAJ
-0.4048134074546397,-0.2518318348700218,-0.10678357106688002,MAJ
0.09518659254536033,0.4148348317966448,0.49321642893312023,MAJ
-0.15481340745463967,0.08150149846331156,0.09321642893312021,MAJ
0.3451865925453603,-0.36294294598113297,-0.38678357106688,MAJ
-0.2798134074546397,0.30372372068553366,0.2132164289331202,MAJ
0.22018659254536033,-0.029609612647799655,-0.18678357106687998,MAJ
-0.029813407454639673,-0.39997998301816995,0.41321642893312016,MAJ
0.4701865925453603,0.2666866836484967,0.013216428933120139,MAJ
-0.4829384074546397,-0.06664664968483669,-0.48278357106688,MAJ
0.017061592545360327,-0.1777577607959478,0.11721642893312023,MAJ
-0.23293840745463967,0.4889089058707189,-0.28278357106688,MAJ
0.2670615925453603,0.15557557253738563,0.3172164289331202,MAJ
-0.3579384074546397,-0.2888688719070589,-0.08278357106688,MAJ
0.14206159254536033,0.37779779475960773,-0.36278357106688,MAJ
-0.10793840745463967,0.04446446142627447,0.23721642893312023,MAJ
0.3920615925453603,-0.43701702005520704,-0.16278357106688002,MAJ
-0.4204384074546397,0.2296496466114597,0.4372164289331202,MAJ
0.07956159254536033,-0.10368368672187372,0.03721642893312016,MAJ
-0.17043840745463967,-0.21479479783298483,-0.44278357106688,MAJ
0.3295615925453603,0.4518718688336818,0.15721642893312027,MAJ
-0.2954384074546397,0.11853853550034854,-0.24278357106688003,MAJ
0.20456159254536033,-0.3259059089440959,0.3572164289331202,MAJ
-0.04543840745463967,0.34076075772257064,-0.04278357106688002,MAJ
0.4545615925453603,0.007427424389237491,-0.32278357106688005,MAJ
-0.4516884074546397,-0.48639973610458975,0.27721642893312026,MAJ
0.04831159254536033,0.18026693056207688,-0.12278357106688004,MAJ
-0.20168840745463967,-0.15306640277125644,0.4772164289331202,MAJ
0.2983115925453603,-0.26417751388236754,0.0772164289331202,MAJ
-0.3266884074546397,0.4024891527842992,-0.40278357106688,MAJ
0.17331159254536033,0.06915581945096594,0.1972164289331202,MAJ
-0.07668840745463967,-0.3752886249934786,-0.20278357106688,MAJ
0.4233115925453603,0.29137804167318804,0.39721642893312015,MAJ
-0.3891884074546397,-0.04195529166014533,-0.0027835710668799862,MAJ
0.11081159254536033,-0.4123256620305157,-0.49398357106688,MAJ
-0.13918840745463967,0.25434100463615106,0.10601642893312024,MAJ
0.3608115925453603,-0.07899232869718237,-0.29398357106688,MAJ
-0.2641884074546397,-0.19010343980829347,0.3060164289331202,MAJ
0.23581159254536033,0.47656322685837316,-0.09398357106687999,MAJ
-0.014188407454639673,0.1432298935250399,-0.37398357106688,MAJ
0.4858115925453603,-0.3012145509194045,0.22601642893312024,MAJ
-0.4907509074546397,0.365452115747262,-0.17398357106688,MAJ
0.009249092545360327,0.03211878241392874,0.4260164289331202,MAJ
-0.24075090745463967,-0.4493626990675527,0.026016428933120173,MAJ
0.2592490925453603,0.21730396759911408,-0.45398357106688003,MAJ
-0.3657509074546397,-0.1160293657342194,0.14601642893312028,MAJ
0.13424909254536033,-0.2271404768453305,-0.25398357106687997,MAJ
-0.11575090745463967,0.4395261898213362,0.34601642893312023,MAJ
0.3842490925453603,0.10619285648800292,-0.05398357106688001,MAJ
-0.4282509074546397,-0.3382515879564416,-0.33398357106688004,MAJ
0.07174909254536033,0.328415078710225,0.2660164289331203,MAJ
-0.17825090745463967,-0.004918254623108298,-0.13398357106688003,MAJ
0.3217490925453603,-0.4905149624420383,0.46601642893312023,MAJ
-0.3032509074546397,0.17615170422462834,0.06601642893312021,MAJ
0.19674909254536033,-0.15718162910870498,-0.41398357106688,MAJ
-0.05325090745463967,-0.2682927402198161,0.1860164289331202,MAJ
0.4467490925453603,0.39837392644685055,-0.21398357106687999,MAJ
-0.4595009074546397,0.06504059311351729,0.38601642893312016,MAJ
0.04049909254536033,-0.3794038513309272,-0.013983571066879974,MAJ
-0.20950090745463967,0.2872628153357394,-0.46998357106688,MAJ
0.2904990925453603,-0.046070517997593874,0.13001642893312026,MAJ
-0.3345009074546397,-0.4164408883679642,-0.26998357106688,MAJ
0.16549909254536033,0.2502257782987024,0.3300164289331202,MAJ
-0.08450090745463967,-0.08310755503463091,-0.06998357106687997,MAJ
0.4154990925453603,-0.194218666145742,-0.34998357106688005,MAJ
-0.3970009074546397,0.4724480005209246,0.25001642893312026,MAJ
0.10299909254536033,0.13911466718759136,-0.14998357106687998,MAJ
-0.14700090745463967,-0.3053297772568531,0.4500164289331202,MAJ
0.3529990925453603,0.36133688940981346,0.050016428933120194,MAJ
-0.2720009074546397,0.028003556076480196,-0.42998357106688,MAJ
0.22799909254536033,-0.45347792540500126,0.1700164289331203,MAJ
-0.022000907454639673,0.21318874126166543,-0.22998357106688,MAJ
0.4779990925453603,-0.12014459207166794,0.37001642893312026,MAJ
-0.4751259074546397,-0.23125570318277905,-0.029983571066879988,MAJ
0.024874092545360327,0.4354109634838875,-0.30998357106688,MAJ
-0.22512590745463967,0.10207763015055427,0.2900164289331203,MAJ
0.2748740925453603,-0.34236681429389015,-0.10998357106688,MAJ
-0.3501259074546397,0.32429985237277636,0.49001642893312025,MAJ
0.14987409254536033,-0.009033480960556839,0.09001642893312023,MAJ
-0.10012590745463967,-0.46582360441734694,-0.38998357106688,MAJ
0.3998740925453603,0.2008430622493197,0.21001642893312022,MAJ
-0.4126259074546397,-0.13249027108401362,-0.18998357106687996,MAJ
0.08737409254536033,-0.24360138219512473,0.4100164289331202,MAJ
-0.16262590745463967,0.4230652844715419,0.010016428933120158,MAJ
0.3373740925453603,0.08973195113820864,-0.48598357106688,MAJ
-0.2876259074546397,-0.35471249330623583,0.11401642893312025,MAJ
0.21237409254536033,0.31195417336043074,-0.28598357106688,MAJ
-0.03762590745463967,-0.021379159972902517,0.3140164289331202,MAJ
0.4623740925453603,-0.39174953034327287,-0.08598357106687998,MAJ
-0.4438759074546397,0.27491713632339376,-0.36598357106688,MAJ
0.05612409254536033,-0.05841619700993955,0.23401642893312025,MAJ
-0.19387590745463967,-0.16952730812105066,-0.16598357106688,MAJ
0.3061240925453603,0.497139358545616,0.4340164289331202,MAJ
-0.3188759074546397,0.1638060252122827,0.03401642893312018,MAJ
0.18112409254536033,-0.28063841923216176,-0.44598357106688,MAJ
-0.06887590745463967,0.3860282474345048,0.1540164289331203,MAJ
0.4311240925453603,0.05269491410117155,-0.24598357106688,MAJ
-0.3813759074546397,-0.4287865673803099,0.35401642893312024,MAJ
0.11862409254536033,0.23788009928635678,-0.04598357106688,MAJ
-0.13137590745463967,-0.09545323404697659,-0.32598357106688003,MAJ
0.3686240925453603,-0.2065643451580877,0.2740164289331203,MAJ
-0.2563759074546397,0.4601023215085789,-0.12598357106688002,MAJ
0.24362409254536033,0.12676898817524562,0.47401642893312024,MAJ
-0.006375907454639673,-0.3176754562691988,0.07401642893312022,MAJ
0.4936240925453603,0.3489912103974677,-0.40598357106688,MAJ
-0.4946571574546397,0.015657877064134573,0.1940164289331202,MAJ
0.005342842545360327,-0.4781692834296926,-0.20598357106687998,MAJ
-0.24465715745463967,0.18849738323697396,0.39401642893312017,MAJ
0.2553428425453603,-0.1448359500963593,-0.005983571066879967,MAJ
-0.3696571574546397,-0.2559470612074704,-0.46198357106688,MAJ
0.13034284254536033,0.4107196054591963,0.13801642893312027,MAJ
-0.11965715745463967,0.07738627212586302,-0.26198357106687997,MAJ
0.3803428425453603,-0.3670581723185815,0.3380164289331202,MAJ
-0.4321571574546397,0.2996084943480851,-0.06198357106687996,MAJ
0.06784284254536033,-0.033724838985248196,-0.34198357106688004,MAJ
-0.18215715745463967,-0.40409520935561855,0.25801642893312027,MAJ
0.3178428425453603,0.26257145731104814,-0.14198357106688003,MAJ
-0.3071571574546397,-0.07076187602228523,0.4580164289331202,MAJ
0.19284284254536033,-0.18187298713339634,0.0580164289331202,MAJ
-0.05715715745463967,0.48479367953327024,-0.42198357106688,MAJ
0.4428428425453603,0.15146034619993698,0.1780164289331203,MAJ
-0.4634071574546397,-0.29298409824450744,-0.22198357106688,MAJ
0.03659284254536033,0.3736825684221591,0.37801642893312026,MAJ
-0.21340715745463967,0.04034923508882582,-0.021983571066880037,MAJ
0.2865928425453603,-0.4411322463926556,-0.30198357106688,MAJ
-0.3384071574546397,0.22553442027401116,0.2980164289331203,MAJ
0.16159284254536033,-0.10779891305932227,-0.10198357106688,MAJ
-0.08840715745463967,-0.21891002417043337,0.49801642893312026,MAJ
0.4115928425453603,0.44775664249623326,0.09801642893312024,MAJ
-0.4009071574546397,0.1144233091629,-0.38198357106687997,MAJ
0.09909284254536033,-0.3300211352815445,0.21801642893312023,MAJ
-0.15090715745463967,0.3366455313851221,-0.18198357106687996,MAJ
0.3490928425453603,0.0033121980517888394,0.4180164289331202,MAJ
-0.2759071574546397,-0.49463018877948683,0.018016428933120165,MAJ
0.22409284254536033,0.1720364778871798,-0.47798357106688,MAJ
-0.025907157454639673,-0.16129685544615358,0.12201642893312026,MAJ
0.4740928425453603,-0.2724079665572646,-0.27798357106688,MAJ
-0.4790321574546397,0.394258700109402,0.3220164289331202,MAJ
0.020967842545360327,0.060925366776068746,-0.07798357106687998,MAJ
-0.22903215745463967,-0.38351907766837573,-0.35798357106688,MAJ
0.2709678425453603,0.28314758899829084,0.24201642893312025,MAJ
-0.3540321574546397,-0.05018574433504247,-0.15798357106688,MAJ
0.14596784254536033,-0.42055611470541276,0.4420164289331202,MAJ
-0.10403215745463967,0.24611055196125387,0.04201642893312019,MAJ
0.3959678425453603,-0.0872227813720795,-0.43798357106688,MAJ
-0.4165321574546397,-0.1983338924831906,0.1620164289331203,MAJ
0.08346784254536033,0.4683327741834761,-0.23798357106688,MAJ
-0.16653215745463967,0.13499944085014282,0.36201642893312025,MAJ
0.3334678425453603,-0.30944500359430166,-0.037983571066879995,MAJ
-0.2915321574546397,0.3572216630723649,-0.31798357106688,MAJ
0.20846784254536033,0.023888329739031655,0.2820164289331203,MAJ
-0.04153215745463967,-0.45759315174244986,-0.11798357106688001,MAJ
0.4584678425453603,0.20907351492421689,0.48201642893312024,MAJ
-0.4477821574546397,-0.12425981840911654,0.08201642893312022,MAJ
0.05221784254536033,-0.23537092952022765,-0.39798357106688,MAJ
-0.19778215745463967,0.431295737146439,0.20201642893312022,MAJ
0.3022178425453603,0.09796240381310573,-0.19798357106687997,MAJ
-0.3227821574546397,-0.3464820406313387,0.4020164289331202,MAJ
0.17721784254536033,0.3201846260353278,0.0020164289331201513,MAJ
-0.07278215745463967,-0.013148707298005435,-0.49718357106688,MAJ
0.4272178425453603,-0.4699388307547955,0.10281642893312026,MAJ
-0.3852821574546397,0.19672783591187115,-0.29718357106688,MAJ
0.11471784254536033,-0.13660549742146222,0.3028164289331202,MAJ
-0.13528215745463967,-0.24771660853257332,-0.09718357106688003,MAJ
0.3647178425453603,0.41895005813409336,-0.37718357106688,MAJ
-0.2602821574546397,0.0856167248007601,0.22281642893312026,MAJ
0.23971784254536033,-0.3588277196436844,-0.17718357106688004,MAJ
-0.010282157454639673,0.3078389470229822,0.4228164289331202,MAJ
0.4897178425453603,-0.025494386310351114,0.022816428933120192,MAJ
-0.4868446574546397,-0.3958647566807214,-0.45718357106688,MAJ
0.013155342545360327,0.2708019099859452,0.1428164289331203,MAJ
-0.23684465745463967,-0.06253142334738815,-0.25718357106688,MAJ
0.2631553425453603,-0.17364253445849925,0.34281642893312025,MAJ
-0.3618446574546397,0.49302413220816743,-0.057183571066880046,MAJ
0.13815534254536033,0.15969079887483417,-0.33718357106688,MAJ
-0.11184465745463967,-0.2847536455696103,0.2628164289331203,MAJ
0.3881553425453603,0.38191302109705627,-0.13718357106688006,MAJ
-0.4243446574546397,0.04857968776372301,0.46281642893312025,MAJ
0.07565534254536033,-0.43290179371775844,0.06281642893312023,MAJ
-0.17434465745463967,0.23376487294890824,-0.41718357106688,MAJ
0.3256553425453603,-0.09956846038442518,0.18281642893312022,MAJ
-0.2993446574546397,-0.2106795714955363,-0.21718357106688002,MAJ
0.20065534254536033,0.45598709517113034,0.3828164289331202,MAJ
-0.04934465745463967,0.12265376183779708,-0.01718357106688001,MAJ
0.4506553425453603,-0.32179068260664734,-0.47318357106688,MAJ
-0.4555946574546397,0.3448759840600192,0.12681642893312028,MAJ
0.04440534254536033,0.011542650726686032,-0.27318357106688,MAJ
-0.20559465745463967,-0.4822845097671412,0.32681642893312024,MAJ
0.2944053425453603,0.18438215689952542,-0.07318357106688,MAJ
-0.3305946574546397,-0.1489511764338079,-0.35318357106688003,MAJ
0.16940534254536033,-0.26006228754491895,0.24681642893312028,MAJ
-0.08059465745463967,0.40660437912174774,-0.15318357106688002,MAJ
0.4194053425453603,0.07327104578841448,0.44681642893312024,MAJ
-0.3930946574546397,-0.37117339865603005,0.04681642893312021,MAJ
0.10690534254536033,0.2954932680106366,-0.43318357106688,MAJ
-0.14309465745463967,-0.03784006532269679,0.16681642893312032,MAJ
0.3569053425453603,-0.4082104356930671,-0.23318357106688004,MAJ
-0.2680946574546397,0.2584562309735996,0.3668164289331203,MAJ
0.23190534254536033,-0.07487710235973383,-0.033183571066880024,MAJ
-0.018094657454639673,-0.18598821347084493,-0.31318357106688,MAJ
0.4819053425453603,0.4806784531958217,0.2868164289331203,MAJ
-0.4712196574546397,0.14734511986248844,-0.11318357106688004,MAJ
0.028780342545360327,-0.297099324581956,0.48681642893312027,MAJ
-0.22121965745463967,0.36956734208471054,0.08681642893312025,MAJ
0.2787803425453603,0.03623400875137728,-0.39318357106687996,MAJ
-0.3462196574546397,-0.4452474727301041,0.20681642893312024,MAJ
0.15378034254536033,0.22141919393656262,-0.19318357106688,MAJ
-0.09621965745463967,-0.11191413939677086,0.4068164289331202,MAJ
0.4037803425453603,-0.22302525050788197,0.006816428933120178,MAJ
-0.4087196574546397,0.4436414161587847,-0.48918357106688,MAJ
0.09128034254536033,0.11030808282545146,0.11081642893312027,MAJ
-0.15871965745463967,-0.334136361618993,-0.28918357106688,MAJ
0.3412803425453603,0.33253030504767356,0.3108164289331202,MAJ
-0.2837196574546397,-0.000803028285659757,-0.08918357106688002,MAJ
0.21628034254536033,-0.4960019308919697,-0.36918357106688005,MAJ
-0.03371965745463967,0.17066473577469699,0.23081642893312027,MAJ
0.4662803425453603,-0.16266859755863639,-0.16918357106688003,MAJ
-0.4399696574546397,-0.2737797086697475,0.4308164289331202,MAJ
0.06003034254536033,0.3928869579969192,0.0308164289331202,MAJ
-0.18996965745463967,0.059553624663585936,-0.44918357106688,MAJ
0.3100303425453603,-0.3848908197808586,0.1508164289331203,MAJ
-0.3149696574546397,0.28177584688580803,-0.24918357106688005,MAJ
0.18503034254536033,-0.05155748644752528,0.35081642893312026,MAJ
-0.06496965745463967,-0.42192785681789563,-0.04918357106688004,MAJ
0.4350303425453603,0.24473880984877106,-0.32918357106688,MAJ
-0.3774696574546397,-0.08859452348456232,0.2708164289331203,MAJ
-0.12746965745463967,0.46696103207099326,0.47081642893312026,MAJ
0.3725303425453603,0.13362769873766,0.07081642893312023,MAJ
-0.2524696574546397,-0.3108167457067845,-0.40918357106687997,MAJ
0.24753034254536033,0.3558499209598821,0.19081642893312023,MAJ
-0.0024696574546396732,0.022516587626548845,-0.20918357106688001,MAJ
0.4975303425453603,-0.45896489385493267,0.3908164289331202,MAJ
-0.4966102824546397,0.20770177281173408,-0.009183571066880003,MAJ
0.0033897175453603268,-0.12563156052159935,-0.46518357106688,MAJ
-0.24661028245463967,-0.23674267163271046,0.1348164289331203,MAJ
0.2533897175453603,0.4299239950339562,-0.26518357106688,MAJ
-0.3716102824546397,0.09659066170062292,0.33481642893312025,MAJ
0.12838971754536033,-0.34785378274382156,-0.06518357106688,MAJ
-0.12161028245463967,0.318812883922845,-0.34518357106688,MAJ
0.3783897175453603,-0.014520449410488245,0.2548164289331203,MAJ
-0.4341102824546397,-0.47131057286727834,-0.14518357106688007,MAJ
0.06588971754536033,0.19535609379938834,0.45481642893312024,MAJ
-0.18411028245463967,-0.13797723953394503,0.05481642893312022,MAJ
0.3158897175453603,-0.24908835064505613,-0.42518357106688,MAJ
-0.3091102824546397,0.41757831602161055,0.17481642893312033,MAJ
0.19088971754536033,0.08424498268827729,-0.22518357106688003,MAJ
-0.05911028245463967,-0.36019946175616724,0.3748164289331203,MAJ
0.4408897175453603,0.3064672049104994,-0.025183571066880073,MAJ
-0.4653602824546397,-0.026866128422833924,-0.30518357106688,MAJ
0.03463971754536033,-0.3972364987932043,0.2948164289331203,MAJ
-0.21536028245463967,0.2694301678734624,-0.10518357106688003,MAJ
0.2846397175453603,-0.06390316545987096,0.4948164289331203,MAJ
-0.3403602824546397,-0.17501427657098206,0.09481642893312026,MAJ
0.15963971754536033,0.4916523900956846,-0.38518357106687995,MAJ
-0.09036028245463967,0.15831905676235136,0.21481642893312025,MAJ
0.4096397175453603,-0.28612538768209317,-0.18518357106688,MAJ
-0.4028602824546397,0.38054127898457346,0.4148164289331202,MAJ
0.09713971754536033,0.0472079456512402,0.014816428933120185,MAJ
-0.15286028245463967,-0.4342735358302413,-0.48118357106688,MAJ
0.3471397175453603,0.23239313083642543,0.11881642893312028,MAJ
-0.2778602824546397,-0.100940202496908,-0.28118357106687997,MAJ
0.22213971754536033,-0.2120513136080191,0.31881642893312023,MAJ
-0.027860282454639673,0.45461535305864753,-0.08118357106688001,MAJ
0.4721397175453603,0.12128201972531427,-0.36118357106688004,MAJ
-0.4809852824546397,-0.3231624247191302,0.23881642893312027,MAJ
0.019014717545360327,0.34350424194753637,-0.16118357106688003,MAJ
-0.23098528245463967,0.010170908614203222,0.43881642893312023,MAJ
0.2690147175453603,-0.483656251879624,0.038816428933120206,MAJ
-0.3559852824546397,0.1830104147870426,-0.44118357106688,MAJ
0.14401471754536033,-0.1503229185462907,0.1588164289331203,MAJ
-0.10598528245463967,-0.2614340296574018,-0.24118357106688004,MAJ
0.3940147175453603,0.40523263700926493,0.35881642893312027,MAJ
-0.4184852824546397,0.07189930367593167,-0.04118357106688003,MAJ
0.08151471754536033,-0.3725451407685129,-0.32118357106688,MAJ
-0.16848528245463967,0.29412152589815377,0.2788164289331203,MAJ
0.3315147175453603,-0.0392118074351796,-0.12118357106688005,MAJ
-0.2934852824546397,-0.40958217780554995,0.47881642893312026,MAJ
0.20651471754536033,0.2570844888611168,0.07881642893312024,MAJ
-0.04348528245463967,-0.07624884447221664,-0.40118357106687996,MAJ
0.4565147175453603,-0.18735995558332774,0.19881642893312024,MAJ
-0.4497352824546397,0.4793067110833389,-0.20118357106688,MAJ
0.05026471754536033,0.14597337775000563,0.3988164289331202,MAJ
-0.19973528245463967,-0.29847106669443885,-0.001183571066879996,MAJ
0.3002647175453603,0.3681955999722277,-0.49238357106688,MAJ
-0.3247352824546397,0.03486226663889447,0.10761642893312018,MAJ
0.17526471754536033,-0.446619214842587,-0.29238357106688,MAJ
-0.07473528245463967,0.2200474518240798,0.30761642893312013,MAJ
0.4252647175453603,-0.11328588150925367,-0.09238357106688,MAJ
-0.3872352824546397,-0.22439699262036478,-0.37238357106688,MAJ
0.11276471754536033,0.4422696740463019,0.22761642893312017,MAJ
-0.13723528245463967,0.10893634071296865,-0.17238357106688001,MAJ
0.3627647175453603,-0.3355081037314759,0.42761642893312013,MAJ
-0.2622352824546397,0.33115856293519075,0.027616428933120107,MAJ
0.23776471754536033,-0.002174770398142567,-0.45238357106688,MAJ
-0.012235282454639673,-0.48777147821707256,0.14761642893312021,MAJ
0.4877647175453603,0.17889518844959407,-0.25238357106688003,MAJ
-0.4887977824546397,-0.15443814488373925,0.34761642893312017,MAJ
0.011202217545360327,-0.26554925599485035,-0.05238357106688002,MAJ
-0.23879778245463967,0.4011174106718163,-0.33238357106688,MAJ
0.2612022175453603,0.06778407733848302,0.2676164289331202,MAJ
-0.3637977824546397,-0.37666036710596146,-0.13238357106688003,MAJ
0.13620221754536033,0.2900062995607051,0.46761642893312017,MAJ
-0.11379778245463967,-0.04332703377262814,0.06761642893312014,MAJ
0.3862022175453603,-0.4136974041429985,-0.41238357106687995,MAJ
-0.4262977824546397,0.25296926252366814,0.18761642893312014,MAJ
0.07370221754536033,-0.08036407080966518,-0.21238357106688,MAJ
-0.17629778245463967,-0.19147518192077628,0.3876164289331201,MAJ
0.3237022175453603,0.47519148474589035,-0.012383571066879984,MAJ
-0.3012977824546397,0.1418581514125571,-0.46838357106688,MAJ
0.19870221754536033,-0.30258629303188744,0.1316164289331202,MAJ
-0.05129778245463967,0.3640803736347792,-0.26838357106688004,MAJ
0.4487022175453603,0.030747040301445927,0.33161642893312016,MAJ
-0.4575477824546397,-0.4507344411800356,-0.06838357106687998,MAJ
0.04245221754536033,0.21593222548663116,-0.34838357106688,MAJ
-0.20754778245463967,-0.11740110784670221,0.2516164289331202,MAJ
0.2924522175453603,-0.22851221895781332,-0.14838357106688,MAJ
-0.3325477824546397,0.43815444770885326,0.45161642893312015,MAJ
0.16745221754536033,0.10482111437552,0.05161642893312013,MAJ
-0.08254778245463967,-0.3396233300689244,-0.42838357106687996,MAJ
0.4174522175453603,0.3270433365977421,0.17161642893312024,MAJ
-0.3950477824546397,-0.006289996735591108,-0.22838357106688,MAJ
0.10495221754536033,-0.46308012019238126,0.3716164289331202,MAJ
-0.14504778245463967,0.20358654647428542,-0.028383571066879998,MAJ
0.3549522175453603,-0.1297467868590479,-0.30838357106688,MAJ
-0.2700477824546397,-0.240857897970159,0.29161642893312023,MAJ
0.22995221754536033,0.42580876869650763,-0.10838357106688001,MAJ
-0.020047782454639673,0.09247543536317437,0.4916164289331202,MAJ
0.4799522175453603,-0.35196900908127016,0.09161642893312016,MAJ
-0.4731727824546397,0.3146976575853965,-0.38838357106688,MAJ
0.026827217545360327,-0.018635675747936786,0.21161642893312016,MAJ
-0.22317278245463967,-0.38900604611830714,-0.18838357106687997,MAJ
0.2768272175453603,0.2776606205483595,0.4116164289331201,MAJ
-0.3481727824546397,-0.05567271278497382,0.011616428933120093,MAJ
0.15182721754536033,-0.16678382389608493,-0.48438357106688,MAJ
-0.09817278245463967,0.4998828427705817,0.11561642893312019,MAJ
0.4018272175453603,0.16654950943724844,-0.28438357106688,MAJ
-0.4106727824546397,-0.2778949350071961,0.31561642893312014,MAJ
0.08932721754536033,0.38877173165947054,-0.08438357106687999,MAJ
-0.16067278245463967,0.055438398326137284,-0.36438357106688,MAJ
0.3393272175453603,-0.42604308315534417,0.23561642893312018,MAJ
-0.2856727824546397,0.24062358351132251,-0.16438357106688,MAJ
0.21432721754536033,-0.09270974982201086,0.43561642893312014,MAJ
-0.03567278245463967,-0.20382086093312196,0.035616428933120114,MAJ
0.4643272175453603,0.4628458057335446,-0.44438357106688,MAJ
-0.4419227824546397,0.12951247240021135,0.15561642893312022,MAJ
0.05807721754536033,-0.31493197204423307,-0.24438357106688002,MAJ
-0.19192278245463967,0.35173469462243345,0.3556164289331202,MAJ
0.3080772175453603,0.018401361289100304,-0.04438357106688001,MAJ
-0.3169227824546397,-0.47542579920472694,-0.32438357106688,MAJ
0.18307721754536033,0.1912408674619397,0.2756164289331202,MAJ
-0.06692278245463967,-0.14209246587139357,-0.12438357106688003,MAJ
0.4330772175453603,-0.25320357698250473,0.47561642893312017,MAJ
-0.3794227824546397,0.413463089684162,0.07561642893312015,MAJ
0.12057721754536033,0.08012975635082875,-0.40438357106688,MAJ
-0.12942278245463967,-0.3643146880936158,0.19561642893312015,MAJ
0.3705772175453603,0.30235197857305085,-0.20438357106688,MAJ
-0.2544227824546397,-0.030981354760282465,0.3956164289331201,MAJ
0.24557721754536033,-0.4013517251306528,-0.0043835710668799766,MAJ
-0.004422782454639673,0.26531494153601387,-0.46038357106688,MAJ
0.4955772175453603,-0.0680183917973195,0.1396164289331202,MAJ
-0.4927040324546397,-0.1791295029084306,-0.26038357106688004,MAJ
0.007295967545360327,0.48753716375823597,0.33961642893312016,MAJ
-0.24270403245463967,0.1542038304249027,-0.06038357106687997,MAJ
0.2572959675453603,-0.2902406140195417,-0.34038357106688,MAJ
-0.3677040324546397,0.3764260526471248,0.2596164289331202,MAJ
0.13229596754536033,0.04309271931379155,-0.14038357106688004,MAJ
-0.11770403245463967,-0.4383887621676899,0.45961642893312016,MAJ
0.3822959675453603,0.2282779044989769,0.059616428933120136,MAJ
-0.4302040324546397,-0.10505542883435653,-0.42038357106687996,MAJ
0.06979596754536033,-0.21616653994546764,0.17961642893312024,MAJ
-0.18020403245463967,0.450500126721199,-0.22038357106688,MAJ
0.3197959675453603,0.11716679338786573,0.3796164289331202,MAJ
-0.3052040324546397,-0.3272776510565788,-0.020383571066880046,MAJ
0.19479596754536033,0.33938901561008783,-0.30038357106688,MAJ
-0.05520403245463967,0.00605568227675457,0.29961642893312024,MAJ
0.4447959675453603,-0.49188670455452116,-0.10038357106688,MAJ
-0.4614540324546397,0.17477996211214553,0.4996164289331202,MAJ
0.03854596754536033,-0.15855337122118784,0.09961642893312017,MAJ
-0.21145403245463967,-0.2696644823322989,-0.38038357106688,MAJ
0.2885459675453603,0.39700218433436774,0.21961642893312017,MAJ
-0.3364540324546397,0.06366885100103448,-0.18038357106687997,MAJ
0.16354596754536033,-0.38077559344341005,0.4196164289331201,MAJ
-0.08645403245463967,0.2858910732232566,0.0196164289331201,MAJ
0.4135459675453603,-0.04744226011007674,-0.47638357106688,MAJ
-0.3989540324546397,-0.4178126304804471,0.12361642893312019,MAJ
0.10104596754536033,0.2488540361862196,-0.27638357106688,MAJ
-0.14895403245463967,-0.08447929714711377,0.32361642893312015,MAJ
0.3510459675453603,-0.19559040825822488,-0.07638357106687998,MAJ
-0.2739540324546397,0.4710762584084418,-0.35638357106688,MAJ
0.22604596754536033,0.13774292507510855,0.2436164289331202,MAJ
-0.023954032454639673,-0.306701519369336,-0.15638357106688,MAJ
0.4760459675453603,0.35996514729733065,0.44361642893312014,MAJ
-0.4770790324546397,0.026631813963997386,0.04361642893312012,MAJ
0.022920967545360327,-0.4548496675174841,-0.43638357106687997,MAJ
-0.22707903245463967,0.21181699914918262,0.16361642893312023,MAJ
0.2729209675453603,-0.12151633418415081,-0.23638357106688002,MAJ
-0.3520790324546397,-0.23262744529526191,0.3636164289331202,MAJ
0.14792096754536033,0.4340392213714047,-0.036383571066880005,MAJ
-0.10207903245463967,0.10070588803807146,-0.31638357106688003,MAJ
0.3979209675453603,-0.34373855640637296,0.2836164289331202,MAJ
-0.4145790324546397,0.32292811026029355,-0.11638357106688002,MAJ
0.08542096754536033,-0.010405223073039704,0.4836164289331202,MAJ
-0.16457903245463967,-0.4671953465298298,0.08361642893312016,MAJ
0.3354209675453603,0.19947132013683688,-0.39638357106688,MAJ
-0.2895790324546397,-0.1338620131964965,0.20361642893312015,MAJ
0.21042096754536033,-0.2449731243076076,-0.19638357106687998,MAJ
-0.03957903245463967,0.4216935423590591,0.4036164289331201,MAJ
0.4604209675453603,0.08836020902572583,0.003616428933120197,MAJ
-0.4458290324546397,-0.3560842354187187,-0.49558357106688,MAJ
0.05417096754536033,0.31058243124794793,0.1044164289331202,MAJ
-0.19582903245463967,-0.022750902085385383,-0.29558357106688,MAJ
0.3041709675453603,-0.39312127245575573,0.30441642893312015,MAJ
-0.3208290324546397,0.27354539421091095,-0.09558357106688004,MAJ
0.17917096754536033,-0.05978793912242242,-0.37558357106688,MAJ
-0.07082903245463967,-0.17089905023353352,0.2244164289331202,MAJ
0.4291709675453603,0.49576761643313316,-0.17558357106688005,MAJ
-0.3833290324546397,0.1624342830997999,0.42441642893312015,MAJ
0.11667096754536033,-0.2820101613446446,0.024416428933120127,MAJ
-0.13332903245463967,0.384656505322022,-0.45558357106688,MAJ
0.3666709675453603,0.05132317198868874,0.14441642893312023,MAJ
-0.2583290324546397,-0.43015830949279277,-0.25558357106688,MAJ
0.24167096754536033,0.23650835717387397,0.3444164289331202,MAJ
-0.008329032454639673,-0.09682497615945945,-0.055583571066880055,MAJ
0.4916709675453603,-0.20793608727057056,-0.33558357106687997,MAJ
-0.4848915324546397,0.45873057939609607,0.26441642893312023,MAJ
0.015108467545360327,0.1253972460627628,-0.13558357106688007,MAJ
-0.23489153245463967,-0.3190471983816816,0.4644164289331202,MAJ
0.2651084675453603,0.3476194682849849,0.06441642893312016,MAJ
-0.3598915324546397,0.014286134951651763,-0.41558357106688,MAJ
0.14010846754536033,-0.4795410255421755,0.18441642893312016,MAJ
-0.10989153245463967,0.18712564112449115,-0.21558357106688003,MAJ
0.3901084675453603,-0.14620769220884217,0.3844164289331201,MAJ
-0.4223915324546397,-0.25731880331995327,-0.01558357106688002,MAJ
0.07760846754536033,0.40934786334671347,-0.47158357106688,MAJ
-0.17239153245463967,0.07601453001338021,0.12841642893312022,MAJ
0.3276084675453603,-0.3684299144310643,-0.27158357106688,MAJ
-0.2973915324546397,0.2982367522356023,0.3284164289331202,MAJ
0.20260846754536033,-0.03509658109773106,-0.07158357106688001,MAJ
-0.04739153245463967,-0.4054669514681014,-0.35158357106688,MAJ
0.4526084675453603,0.26119971519856533,0.24841642893312021,MAJ
-0.4536415324546397,-0.0721336181347681,-0.15158357106688003,MAJ
0.04635846754536033,-0.1832447292458792,0.44841642893312017,MAJ
-0.20364153245463967,0.48342193742078743,0.04841642893312015,MAJ
0.2963584675453603,0.15008860408745417,-0.43158357106688,MAJ
-0.3286415324546397,-0.29435584035699025,0.16841642893312025,MAJ
0.17135846754536033,0.37231082630967627,-0.23158357106688005,MAJ
-0.07864153245463967,0.03897749297634301,0.3684164289331202,MAJ
0.4213584675453603,-0.44250398850513845,-0.031583571066880034,MAJ
-0.3911415324546397,0.22416267816152835,-0.31158357106688,MAJ
0.10885846754536033,-0.10917065517180513,0.28841642893312025,MAJ
-0.14114153245463967,-0.22028176628291624,-0.11158357106688005,MAJ
0.3588584675453603,0.44638490038375045,0.4884164289331202,MAJ
-0.2661415324546397,0.11305156705041719,0.08841642893312018,MAJ
0.23385846754536033,-0.33139287739402734,-0.39158357106687997,MAJ
-0.016141532454639673,0.3352737892726393,0.20841642893312018,MAJ
0.4838584675453603,0.0019404559393060294,-0.19158357106688,MAJ
-0.4692665324546397,-0.49737367300445257,0.40841642893312013,MAJ
-0.21926653245463967,-0.16404033967111925,-0.48758357106688,MAJ
0.2807334675453603,-0.27515145078223036,0.1124164289331202,MAJ
-0.3442665324546397,0.3915152158844363,-0.28758357106688,MAJ
0.15573346754536033,0.058181882551103015,0.31241642893312016,MAJ
-0.09426653245463967,-0.38626256189334146,-0.08758357106688003,MAJ
0.4057334675453603,0.2804041047733251,-0.36758357106688,MAJ
-0.4067665324546397,-0.052929228560008146,0.2324164289331202,MAJ
0.09323346754536033,-0.4232995989303785,-0.16758357106688004,MAJ
-0.15676653245463967,0.24336706773628813,0.43241642893312016,MAJ
0.3432334675453603,-0.08996626559704518,0.032416428933120134,MAJ
-0.2817665324546397,-0.20107737670815629,-0.44758357106688,MAJ
0.21823346754536033,0.46558928995851034,0.15241642893312024,MAJ
-0.03176653245463967,0.13225595662517708,-0.24758357106688,MAJ
0.4682334675453603,-0.31218848781926734,0.3524164289331202,MAJ
-0.4380165324546397,0.3544781788473992,-0.04758357106688005,MAJ
0.06198346754536033,0.021144845514065924,-0.32758357106687996,MAJ
-0.18801653245463967,-0.46033663596741553,0.27241642893312024,MAJ
0.3119834675453603,0.20633003069925115,-0.12758357106688006,MAJ
-0.3130165324546397,-0.12700330263408222,0.4724164289331202,MAJ
0.18698346754536033,-0.23811441374519332,0.07241642893312017,MAJ
-0.06301653245463967,0.42855225292147325,-0.40758357106688,MAJ
0.4369834675453603,0.09521891958814,0.19241642893312016,MAJ
-0.3755165324546397,-0.3492255248563044,-0.20758357106688002,MAJ
0.12448346754536033,0.3174411418103621,0.3924164289331201,MAJ
-0.12551653245463967,-0.01589219152297111,-0.007583571066880013,MAJ
0.3744834675453603,-0.4726823149797612,-0.46358357106688,MAJ
-0.2505165324546397,0.19398435168690542,0.13641642893312023,MAJ
0.24948346754536033,-0.1393489816464279,-0.26358357106688,MAJ
-0.0005165324546396732,-0.250460092757539,0.3364164289331202,MAJ
0.4994834675453603,0.41620657390912763,-0.06358357106688,MAJ
-0.4990516887046397,0.08287324057579437,-0.34358357106688,MAJ
0.0009483112953603268,-0.36157120386865005,0.2564164289331202,MAJ
-0.24905168870463967,0.30509546279801647,-0.14358357106688008,MAJ
0.2509483112953603,-0.02823787053531679,0.4564164289331202,MAJ
-0.3740516887046397,-0.39860824090568714,0.056416428933120155,MAJ
0.12594831129536033,0.2680584257609795,-0.42358357106688,MAJ
-0.12405168870463967,-0.06527490757235382,0.17641642893312026,MAJ
0.3759483112953603,-0.17638601868346493,-0.22358357106688004,MAJ
-0.4365516887046397,0.4902806479832017,0.3764164289331202,MAJ
0.06344831129536033,0.15694731464986844,-0.023583571066880082,MAJ
-0.18655168870463967,-0.287497129794576,-0.30358357106688,MAJ
0.3134483112953603,0.37916953687209054,0.29641642893312026,MAJ
-0.3115516887046397,0.04583620353875728,-0.10358357106688004,MAJ
0.18844831129536033,-0.4356452779427242,0.4964164289331202,MAJ
-0.06155168870463967,0.2310213887239425,0.09641642893312019,MAJ
0.4384483112953603,-0.10231194460939086,-0.38358357106688,MAJ
-0.4678016887046397,-0.21342305572050196,0.2164164289331202,MAJ
0.03219831129536033,0.4532436109461646,-0.18358357106688,MAJ
-0.21780168870463967,0.11991027761283135,0.41641642893312014,MAJ
0.2821983112953603,-0.32453416683161307,0.01641642893312012,MAJ
-0.3428016887046397,0.34213249983505345,-0.47958357106688,MAJ
0.15719831129536033,0.008799166501720301,0.12041642893312021,MAJ
-0.09280168870463967,-0.4850279939921069,-0.27958357106688,MAJ
0.4071983112953603,0.1816386726745597,0.32041642893312017,MAJ
-0.4053016887046397,-0.15169466065877357,-0.07958357106688002,MAJ
0.09469831129536033,-0.2628057717698846,-0.35958357106688,MAJ
-0.15530168870463967,0.403860894896782,0.2404164289331202,MAJ
0.3446983112953603,0.07052756156344875,-0.15958357106688004,MAJ
-0.2803016887046397,-0.3739168828809958,0.44041642893312016,MAJ
0.21969831129536033,0.29274978378567085,0.04041642893312014,MAJ
-0.030301688704639673,-0.04058354954766247,-0.43958357106688,MAJ
0.4696983112953603,-0.4109539199180328,0.16041642893312025,MAJ
-0.4834266887046397,0.25571274674863387,-0.23958357106688005,MAJ
0.016573311295360327,-0.0776205865846995,0.3604164289331202,MAJ
-0.23342668870463967,-0.1887316976958106,-0.03958357106688004,MAJ
0.2665733112953603,0.47793496897085597,-0.31958357106688,MAJ
-0.3584266887046397,0.1446016356375227,0.28041642893312024,MAJ
0.14157331129536033,-0.2998428088069217,-0.11958357106688006,MAJ
-0.10842668870463967,0.3668238578597448,0.4804164289331202,MAJ
0.3915733112953603,0.03349052452641155,0.08041642893312018,MAJ
-0.4209266887046397,-0.44799095695506985,-0.39958357106688,MAJ
0.07907331129536033,0.2186757097115969,0.20041642893312017,MAJ
-0.17092668870463967,-0.11465762362173654,-0.19958357106688002,MAJ
0.3290733112953603,-0.22576873473284764,0.4004164289331201,MAJ
-0.2959266887046397,0.440897931933819,0.00041642893312021645,MAJ
0.20407331129536033,0.10756459860048573,-0.49942357106688,MAJ
-0.04592668870463967,-0.3368798458439587,0.10057642893312024,MAJ
0.4540733112953603,0.3297868208227078,-0.29942357106688,MAJ
-0.4521766887046397,-0.0035465125106254325,0.3005764289331202,MAJ
0.04782331129536033,-0.48914322032955543,-0.09942357106688005,MAJ
-0.20217668870463967,0.17752344633711115,-0.37942357106687996,MAJ
0.2978233112953603,-0.1558098869962221,0.22057642893312024,MAJ
-0.3271766887046397,-0.2669209981073332,-0.17942357106688006,MAJ
0.17282331129536033,0.39974566855933336,0.4205764289331202,MAJ
-0.07717668870463967,0.0664123352260001,0.020576428933120172,MAJ
0.4228233112953603,-0.3780321092184443,-0.45942357106688003,MAJ
-0.3896766887046397,0.2886345574482222,0.14057642893312028,MAJ
0.11032331129536033,-0.04469877588511101,-0.25942357106687997,MAJ
-0.13967668870463967,-0.41506914625548136,0.34057642893312023,MAJ
0.3603233112953603,0.2515975204111852,-0.059423571066880065,MAJ
-0.2646766887046397,-0.08173581292214804,-0.33942357106688004,MAJ
0.23532331129536033,-0.19284692403325915,0.2605764289331203,MAJ
-0.014676688704639673,0.4738197426334074,-0.13942357106688008,MAJ
0.4853233112953603,0.14048640930007417,0.46057642893312023,MAJ
-0.4912391887046397,-0.30395803514437025,0.06057642893312021,MAJ
0.008760811295360327,0.36270863152229627,-0.41942357106688,MAJ
-0.24123918870463967,0.029375298188963006,0.1805764289331202,MAJ
0.2587608112953603,-0.4521061832925184,-0.21942357106688004,MAJ
-0.3662391887046397,0.21456048337414824,0.38057642893312016,MAJ
0.13376081129536033,-0.11877284995918508,-0.01942357106688003,MAJ
-0.11623918870463967,-0.22988396107029618,-0.47542357106688,MAJ
0.3837608112953603,0.43678270559637034,0.12457642893312026,MAJ
-0.4287391887046397,0.10344937226303708,-0.27542357106688,MAJ
0.07126081129536033,-0.3409950721814073,0.3245764289331202,MAJ
-0.17873918870463967,0.3256715944852592,-0.07542357106688002,MAJ
0.3212608112953603,-0.007661738848073973,-0.35542357106688005,MAJ
-0.3037391887046397,-0.4644518623048641,0.24457642893312026,MAJ
0.19626081129536033,0.2022148043618025,-0.15542357106688004,MAJ
-0.05373918870463967,-0.13111852897153076,0.4445764289331202,MAJ
0.4462608112953603,-0.24222964008264186,0.044576428933120193,MAJ
-0.4599891887046397,0.4244370265840247,-0.43542357106688,MAJ
0.04001081129536033,0.09110369325069145,0.1645764289331203,MAJ
-0.20998918870463967,-0.35334075119375297,-0.23542357106688006,MAJ
0.2900108112953603,0.31332591547291355,0.36457642893312026,MAJ
-0.3349891887046397,-0.020007417860419652,-0.035423571066880044,MAJ
0.16501081129536033,-0.39037778823079,-0.31542357106688,MAJ
-0.08498918870463967,0.2762888784358766,0.2845764289331203,MAJ
0.4150108112953603,-0.05704445489745669,-0.11542357106688006,MAJ
-0.3974891887046397,-0.1681555660085678,0.48457642893312025,MAJ
0.10251081129536033,0.4985111006580988,0.08457642893312023,MAJ
-0.14748918870463967,0.16517776732476552,-0.39542357106688,MAJ
0.3525108112953603,-0.2792666771196789,0.20457642893312022,MAJ
-0.2724891887046397,0.3873999895469876,-0.19542357106688002,MAJ
0.22751081129536033,0.05406665621365436,0.4045764289331202,MAJ
-0.022489188704639673,-0.42741482526782704,0.004576428933120158,MAJ
0.4775108112953603,0.2392518413988396,-0.49142357106688,MAJ
-0.4756141887046397,-0.09408149193449372,0.10857642893312025,MAJ
0.024385811295360327,-0.20519260304560483,-0.29142357106688,MAJ
-0.22561418870463967,0.4614740636210617,0.3085764289331202,MAJ
0.2743858112953603,0.12814073028772843,-0.09142357106688004,MAJ
-0.3506141887046397,-0.31630371415671593,-0.37142357106688,MAJ
0.14938581129536033,0.35036295250995053,0.22857642893312025,MAJ
-0.10061418870463967,0.017029619176617383,-0.17142357106688005,MAJ
0.3993858112953603,-0.47679754131720975,0.4285764289331202,MAJ
-0.4131141887046397,0.18986912534945677,0.02857642893312018,MAJ
0.08688581129536033,-0.14346420798387644,-0.45142357106688,MAJ
-0.16311418870463967,-0.25457531909498754,0.14857642893312029,MAJ
0.3368858112953603,0.4120913475716791,-0.25142357106687996,MAJ
-0.2881141887046397,0.07875801423834583,0.34857642893312024,MAJ
0.21188581129536033,-0.36568643020609864,-0.05142357106688006,MAJ
-0.03811418870463967,0.30098023646056793,-0.33142357106688003,MAJ
0.4618858112953603,-0.03235309687276533,0.2685764289331203,MAJ
-0.4443641887046397,-0.4027234672431357,-0.13142357106688007,MAJ
0.05563581129536033,0.26394319942353095,0.46857642893312024,MAJ
-0.19436418870463967,-0.06939013390980237,0.06857642893312021,MAJ
0.3056358112953603,-0.18050124502091347,-0.41142357106688,MAJ
-0.3193641887046397,0.48616542164575305,0.1885764289331202,MAJ
0.18063581129536033,0.1528320883124198,-0.21142357106688003,MAJ
-0.06936418870463967,-0.2916123561320246,0.38857642893312017,MAJ
0.4306358112953603,0.3750543105346419,-0.011423571066880023,MAJ
-0.3818641887046397,0.04172097720130863,-0.46742357106688,MAJ
0.11813581129536033,-0.43976050428017277,0.13257642893312027,MAJ
-0.13186418870463967,0.22690616238649397,-0.26742357106688,MAJ
0.3681358112953603,-0.1064271709468394,0.3325764289331202,MAJ
-0.2568641887046397,-0.2175382820579505,-0.06742357106688002,MAJ
0.24313581129536033,0.44912838460871607,-0.34742357106688004,MAJ
-0.006864188704639673,0.11579505127538281,0.25257642893312027,MAJ
0.4931358112953603,-0.3286493931690616,-0.1474235710668801,MAJ
-0.4951454387046397,0.3380172734976049,0.4525764289331202,MAJ
0.004854561295360327,0.004683940164271649,0.0525764289331202,MAJ
-0.24514543870463967,-0.493258446667004,-0.42742357106688,MAJ
0.2548545612953603,0.1734082199996626,0.1725764289331203,MAJ
-0.3701454387046397,-0.1599251133336707,-0.22742357106688005,MAJ
0.12985456129536033,-0.27103622444478176,0.37257642893312026,MAJ
-0.12014543870463967,0.3956304422218848,-0.027423571066880092,MAJ
0.3798545612953603,0.062297108888551556,-0.30742357106688,MAJ
-0.4326454387046397,-0.38214733555589286,0.2925764289331203,MAJ
0.06735456129536033,0.28451933111077365,-0.10742357106688005,MAJ
-0.18264543870463967,-0.048814002222559605,0.49257642893312026,MAJ
0.3173545612953603,-0.41918437259292995,0.09257642893312024,MAJ
-0.3076454387046397,0.24748229407373667,-0.38742357106687997,MAJ
0.19235456129536033,-0.08585103925959664,0.21257642893312023,MAJ
-0.05764543870463967,-0.19696215037070774,-0.18742357106688,MAJ
0.4423545612953603,0.4697045162959589,0.4125764289331202,MAJ
-0.4638954387046397,0.13637118296262563,0.012576428933120165,MAJ
0.03610456129536033,-0.3080732614818188,-0.48342357106688,MAJ
-0.21389543870463967,0.3585934051848477,0.11657642893312026,MAJ
0.2861045612953603,0.025260071851514465,-0.28342357106688,MAJ
-0.3388954387046397,-0.456221409629967,0.3165764289331202,MAJ
0.16110456129536033,0.2104452570366997,-0.08342357106688003,MAJ
-0.08889543870463967,-0.12288807629663367,-0.36342357106688,MAJ
0.4111045612953603,-0.23399918740774478,0.23657642893312025,MAJ
-0.4013954387046397,0.4326674792589218,-0.16342357106688005,MAJ
0.09860456129536033,0.09933414592558854,0.4365764289331202,MAJ
-0.15139543870463967,-0.34511029851885583,0.036576428933120186,MAJ
0.3486045612953603,0.32155636814781063,-0.44342357106688,MAJ
-0.2763954387046397,-0.01177696518552257,0.1565764289331203,MAJ
0.22360456129536033,-0.46856708864231267,-0.24342357106688006,MAJ
-0.026395438704639673,0.19809957802435396,0.35657642893312025,MAJ
0.4736045612953603,-0.13523375530897935,-0.04342357106688005,MAJ
-0.4795204387046397,-0.24634486642009046,-0.32342357106688,MAJ
0.020479561295360327,0.42032180024657617,0.2765764289331203,MAJ
0.2704795612953603,-0.3574559775312015,0.47657642893312024,MAJ
-0.3545204387046397,0.309210689135465,0.07657642893312022,MAJ
0.14547956129536033,-0.024122644197868248,-0.40342357106688,MAJ
-0.10452043870463967,-0.3944930145682386,0.19657642893312022,MAJ
0.3954795612953603,0.27217365209842803,-0.20342357106688003,MAJ
-0.4170204387046397,-0.06115968123490528,0.3965764289331202,MAJ
-0.16702043870463967,0.49439587432065024,-0.49462357106688,MAJ
0.3329795612953603,0.16106254098731698,0.10537642893312027,MAJ
-0.2920204387046397,-0.28338190345712744,-0.29462357106688,MAJ
0.20797956129536033,0.3832847632095391,0.3053764289331202,MAJ
-0.04202043870463967,0.04995142987620582,-0.09462357106688002,MAJ
0.4579795612953603,-0.4315300516052756,-0.37462357106688005,MAJ
-0.4482704387046397,0.23513661506139105,0.22537642893312027,MAJ
0.05172956129536033,-0.09819671827194232,-0.17462357106688003,MAJ
-0.19827043870463967,-0.20930782938305342,0.4253764289331202,MAJ
0.3017295612953603,0.45735883728361315,0.0253764289331202,MAJ
-0.3232704387046397,0.12402550395027989,-0.45462357106688,MAJ
0.17672956129536033,-0.3204189404941645,0.1453764289331203,MAJ
-0.07327043870463967,0.346247726172502,-0.25462357106688,MAJ
0.4267295612953603,0.012914392839168842,0.34537642893312026,MAJ
-0.3857704387046397,-0.48091276765465835,-0.05462357106688004,MAJ
0.11422956129536033,0.18575389901200823,-0.33462357106688,MAJ
-0.13577043870463967,-0.14757943432132503,0.2653764289331203,MAJ
0.3642295612953603,-0.2586905454324361,-0.13462357106688005,MAJ
-0.2607704387046397,0.40797612123423055,0.46537642893312026,MAJ
0.23922956129536033,0.07464278790089729,0.06537642893312023,MAJ
-0.010770438704639673,-0.3698016565435472,-0.41462357106687997,MAJ
0.4892295612953603,0.2968650101231194,0.18537642893312023,MAJ
-0.4873329387046397,-0.03646832321021393,-0.21462357106688001,MAJ
0.012667061295360327,-0.4068386935805842,0.3853764289331202,MAJ
-0.23733293870463967,0.2598279730860824,-0.014623571066880003,MAJ
0.2626670612953603,-0.07350536024725096,-0.47062357106688,MAJ
-0.3623329387046397,-0.18461647135836207,0.1293764289331203,MAJ
0.13766706129536033,0.4820501953083045,-0.27062357106688,MAJ
-0.11233293870463967,0.14871686197497125,0.32937642893312025,MAJ
0.3876670612953603,-0.2957275824694731,-0.07062357106688,MAJ
-0.4248329387046397,0.37093908419719335,-0.35062357106688,MAJ
0.07516706129536033,0.03760575086386009,0.2493764289331203,MAJ
-0.17483293870463967,-0.4438757306176213,-0.15062357106688,MAJ
0.3251670612953603,0.22279093604904543,0.44937642893312024,MAJ
-0.2998329387046397,-0.110542397284288,0.04937642893312022,MAJ
0.20016706129536033,-0.2216535083953991,-0.43062357106688,MAJ
-0.04983293870463967,0.44501315827126753,0.16937642893312033,MAJ
0.4501670612953603,0.11167982493793427,-0.23062357106688003,MAJ
-0.4560829387046397,-0.33276461950651015,0.3693764289331203,MAJ
0.04391706129536033,0.33390204716015637,-0.030623571066880018,MAJ
-0.20608293870463967,0.0005687138268231084,-0.31062357106688,MAJ
0.2939170612953603,-0.499202662487763,0.2893764289331203,MAJ
-0.3310829387046397,0.1674640041789036,-0.11062357106688003,MAJ
0.16891706129536033,-0.1658693291544297,0.4893764289331203,MAJ
-0.08108293870463967,-0.2769804402655408,0.08937642893312026,MAJ
0.4189170612953603,0.3896862264011258,-0.39062357106687995,MAJ
-0.3935829387046397,0.056352893067792564,0.20937642893312025,MAJ
0.10641706129536033,-0.3880915513766519,-0.19062357106688,MAJ
-0.14358293870463967,0.27857511529001466,0.4093764289331202,MAJ
0.3564170612953603,-0.054758218043318596,0.009376428933120184,MAJ
-0.2685829387046397,-0.42512858841368895,-0.48662357106688,MAJ
0.23141706129536033,0.24153807825297768,0.11337642893312028,MAJ
-0.018582938704639673,-0.09179525508035563,-0.28662357106687997,MAJ
0.4814170612953603,-0.20290636619146674,0.31337642893312023,MAJ
-0.4717079387046397,0.4637603004751999,-0.08662357106688001,MAJ
0.028292061295360327,0.13042696714186663,-0.36662357106688004,MAJ
-0.22170793870463967,-0.31401747730257784,0.23337642893312027,MAJ
0.2782920612953603,0.35264918936408873,-0.16662357106688003,MAJ
-0.3467079387046397,0.019315856030755474,0.43337642893312023,MAJ
0.15329206129536033,-0.462165625450726,0.033376428933120206,MAJ
-0.09670793870463967,0.2045010412159407,-0.44662357106688,MAJ
0.4032920612953603,-0.12883229211739267,0.1533764289331203,MAJ
-0.4092079387046397,-0.23994340322850377,-0.24662357106688004,MAJ
0.09079206129536033,0.4267232634381628,0.35337642893312027,MAJ
-0.15920793870463967,0.09338993010482954,-0.04662357106688003,MAJ
0.3407920612953603,-0.3510545143396149,-0.32662357106688,MAJ
-0.2842079387046397,0.31561215232705164,0.2733764289331203,MAJ
0.21579206129536033,-0.01772118100628156,-0.12662357106688005,MAJ
-0.03420793870463967,-0.47451130446307166,0.47337642893312026,MAJ
0.4657920612953603,0.19215536220359497,0.07337642893312024,MAJ
0.35075844917446375,0.48470726638999884,0.07938283806720003,MIN
-0.27424155082553625,0.15137393305666558,-0.4006171619328,MIN
0.22575844917446375,-0.29307051138777884,0.19938283806720003,MIN
-0.02424155082553625,0.3735961552788877,-0.2006171619328,MIN
0.47575844917446375,0.04026282194555442,0.3993828380672,MIN
-0.47736655082553625,-0.441218659535927,-0.0006171619327999811,MIN
0.02263344917446375,0.22544800713073976,-0.4988571619328,MIN
-0.22736655082553625,-0.10788532620259367,0.10114283806720004,MIN
0.27263344917446375,-0.21899643731370477,-0.2988571619328,MIN
-0.35236655082553625,0.44767022935296186,0.3011428380672,MIN
-0.10236655082553625,-0.3301075484248158,-0.3788571619328,MIN
0.39763344917446375,0.3365591182418507,0.22114283806720003,MIN
-0.41486655082553625,0.0032257849085174373,-0.1788571619328,MIN
0.08513344917446375,-0.49471660192275824,0.4211428380672,MIN
-0.16486655082553625,0.1719500647439084,0.021142838067199965,MIN
0.33513344917446375,-0.16138326858942498,-0.4588571619328,MIN
-0.28986655082553625,-0.272494379700536,0.14114283806720007,MIN
0.21013344917446375,0.3941722869661306,-0.25885716193279995,MIN
-0.03986655082553625,0.060838953632797343,0.3411428380672,MIN
0.46013344917446375,-0.38360549081164713,-0.058857161932799995,MIN
-0.44611655082553625,0.28306117585501944,-0.3388571619328,MIN
0.05388344917446375,-0.05027215747831387,0.26114283806720007,MIN
-0.19611655082553625,-0.42064252784868417,-0.1388571619328,MIN
0.30388344917446375,0.24602413881798246,0.4611428380672,MIN
-0.32111655082553625,-0.08730919451535091,0.0611428380672,MIN
0.17888344917446375,-0.198420305626462,-0.4188571619328,MIN
-0.07111655082553625,0.4682463610402047,0.1811428380672,MIN
0.42888344917446375,0.1349130277068714,-0.21885716193279997,MIN
-0.38361655082553625,-0.309531416737573,0.38114283806719995,MIN
-0.35851969142348955,-0.29081392607059364,0.3705889169928287,MIN
0.11638344917446375,0.3571352499290935,-0.01885716193279996,MIN
0.11343962733156758,0.3487584755015529,-0.01678135252871025,MIN
-0.13361655082553625,0.023801916595760253,-0.47485716193280003,MIN
-0.1275640179876922,0.03759582702248582,-0.48110648642791637,MIN
0.36638344917446375,-0.4576795648857212,0.12514283806720006,MIN
0.35761597091271935,-0.445326421205776,0.09793357408138037,MIN
-0.25861655082553625,0.20898710178094548,-0.27485716193279996,MIN
-0.28201384903763066,0.22529966700076645,-0.27935648306644945,MIN
0.24138344917446375,-0.12434623155238794,0.3251428380672,MIN
0.24774536326370247,-0.13248046168226507,0.2807326651247,MIN
0.49138344917446375,0.4312093240031676,-0.35485716193280004,MIN
0.4724802899033174,0.418161786694959,-0.3839512133213068,MIN
-0.48517905082553625,0.09787599066983432,0.24514283806720005,MIN
-0.46718584193353563,0.1078976731232935,0.23924936478541323,MIN
-0.23517905082553625,0.3200982128920564,0.4451428380672,MIN
-0.2227561183683564,0.325247220983068,0.41934198343610857,MIN
0.26482094917446375,-0.013235120441276838,0.045142838067199986,MIN
0.2602508286084208,-0.0202693242901484,0.0494380862269403,MIN
-0.36017905082553625,-0.4700252438980669,-0.4348571619328,MIN
-0.37495972668409555,-0.42848473190447095,-0.4236865615381825,MIN
0.13982094917446375,0.19664142276859975,0.1651428380672001,MIN
0.16190094169606123,0.2168325383506476,0.1997645377614789,MIN
-0.11017905082553625,-0.13669191056473362,-0.23485716193279998,MIN
-0.12079777737900438,-0.15433538703967245,-0.20915766801942856,MIN
0.38982094917446375,-0.24780302167584473,0.36514283806720005,MIN
0.4332652789492784,-0.2594959461409595,0.36708806338084016,MIN
