0.2963477730668911,0.2648691239239959,-0.12227707299520509,MIN
0.20357272613403674,0.27469558894808244,-0.3133690627695699,MIN
0.1568596334189437,0.19201971936766754,-0.11238543616635742,MIN
0.3103665728106066,0.1986932434973563,-0.2652392401927053,MIN
0.1413400431912833,0.10840010917026263,-0.19547928780504206,MIN
0.11451691625379692,0.2598636374632986,-0.15336087679110977,MIN
0.2505939270296589,0.2876981281970148,-0.3028266459048699,MIN
0.20054754596509497,0.30719071376861995,-0.2315910760360102,MIN
0.26877352684989836,0.19165894429538988,-0.0849332622912275,MIN
0.13766361300686555,0.16549283459409597,-0.14555863109222714,MIN
0.2911705523985285,0.17216635872378472,-0.29841243511857507,MIN
0.30381550861196643,0.2813079538087659,-0.23936282677007029,MIN
0.21332282637307456,0.28233221002747055,-0.3359308233205166,MIN
0.2859245562281482,0.13237603156342737,-0.2270280923210675,MIN
0.1548146423851154,0.10620992186213342,-0.28765346112206713,MIN
0.2581634540115283,0.30701032623248115,-0.20933037292093595,MIN
0.3080884187224482,0.19953711217992207,-0.18213027968735082,MIN
0.1270535401684955,0.28084421653118724,-0.2699557417219356,MIN
0.20550240323210273,0.16227839106726213,-0.32702978239123,MIN
0.09796546060483645,0.16868792178822034,-0.24461917939331115,MIN
0.2772725037509073,0.16084317483841132,-0.20357013910355465,MIN
0.1407817203100276,0.22214445810966868,-0.2697859214705155,MIN
0.286806136131219,0.24313020117348713,-0.1590498379895208,MIN
0.18189687984230696,0.141115303384816,-0.2314044473673224,MIN
0.19664205243264585,0.22340232971989182,-0.1600730961364027,MIN
0.2161992080117129,0.22035716927182772,-0.21024807360704045,MIN
0.23978014702393585,0.2813718534430023,-0.1870076729079995,MIN
0.16115339089291772,0.14744844240847937,-0.26447108279140463,MIN
0.28089530655621525,0.20034269871814964,-0.14862619880480632,MIN
0.14440452311533553,0.26164398198940697,-0.21484198117176723,MIN
0.184275024754595,0.27150791771620464,-0.24114140221521208,MIN
0.2723333456616697,0.223130324277325,-0.18406068341795892,MIN
0.2278313127734188,0.17275181118810096,-0.26815726755453223,MIN
0.12410140127749088,0.1582206162117134,-0.20162076376780136,MIN
0.14260705156872788,0.2245533859238633,-0.18110370300007791,MIN
-0.19958761294884286,0.2764766122653511,-0.1241730194877388,MIN
-0.3245880996575772,0.19009818865788553,-0.03466656861209152,MIN
-0.27797322041094635,0.23660096324962435,0.07901555791137363,MIN
-0.10421321151871606,0.14798108880192345,-0.013712251527798442,MIN
-0.11237456660444325,0.23199474569070266,0.05314990663705144,MIN
-0.18921939814254168,0.17720425271453846,-0.11192695306896601,MIN
-0.15301926914869124,0.1756665831301577,0.10521550768506623,MIN
-0.09824303481633327,0.2019044276752447,-0.023112711474044405,MIN
-0.27327299451799286,0.295324280011581,-0.07377260410019532,MIN
-0.22451347233449678,0.12810021693716178,-0.09835349772685734,MIN
-0.3044398557206053,0.2780596989486855,-0.007489022143204172,MIN
-0.14827250780925855,0.30007323632120053,0.06099606318709895,MIN
-0.32838227074863535,0.1872401857704086,0.05621187913063751,MIN
-0.10673743180034492,0.23750104528515165,-0.04644029000896269,MIN
-0.21755985127449015,0.17349944062404388,0.11168346987652385,MIN
-0.3002030266925509,0.24234312585550163,-0.073704867037821,MIN
-0.25358814744592006,0.30050725291836144,0.007937956890938125,MIN
-0.16543819219037564,0.2572280140414359,0.08894210293932217,MIN
-0.14784553120949206,0.1465946022212199,-0.07227079183015302,MIN
-0.2517143296236306,0.27570268588119184,-0.10994123054089383,MIN
-0.21655072601416944,0.22370497358847505,-0.06700355776763939,MIN
-0.2659173128330302,0.2024079773405914,0.062024937321812926,MIN
-0.2346020485590049,0.14937046945264656,-0.002872459450044912,MIN
-0.15104776897673144,0.1448720343808082,0.022846237643618966,MIN
-0.16289895055366396,0.19785974313911522,0.08772550901459625,MIN
-0.2464532301359374,0.22287295420760259,0.005642928104969582,MIN
-0.16385642671679307,0.21730435852600044,-0.06386199241925761,MIN
-0.26450455268077283,0.15557208755633944,0.050449266257091126,MIN
-0.20680304860399887,0.2747305277817621,-0.015604582581635277,MIN
-0.29131480434940143,0.22423424819550228,0.011609597308769055,MIN
-0.20776052476712797,0.21973581312366391,0.03732829440243295,MIN
-0.20064981582096844,0.19380455243915087,-0.017703235224714203,MIN
-0.25475687527060226,0.24938560311406585,-0.01571071623019853,MIN
-0.1370149029249161,0.2659826532862746,0.03592343861009516,MIN
-0.15108317989063924,0.2696307234752355,-0.026579424069990948,MIN
0.06216504776245613,-0.2723183549483853,0.1182477337540951,MIN
-0.055234919820856085,-0.1904879781941773,0.07226657259658473,MIN
-0.05544971833825645,-0.11808002787100827,0.1659412576721348,MIN
-0.09296966481122249,-0.25247555610841965,0.2715158018375882,MIN
-0.008883624397745954,-0.32123147705924154,0.14629202983454093,MIN
0.1304801615512557,-0.21332567413660294,0.27480705362465585,MIN
0.008134064889148853,-0.06882609205215151,0.22293132536805732,MIN
0.05237772418917808,-0.27842956571507776,0.3245028147181612,MIN
-0.026784875218629253,-0.1892951302161755,0.3240911744551563,MIN
0.025452234229976983,-0.3348171534246285,0.19848359334657814,MIN
-0.01231048912539269,-0.10877954758614022,0.2661965384980901,MIN
-0.07710696732833608,-0.17711335739818093,0.09504443083193398,MIN
-0.09023447481291999,-0.2927130230657421,0.22968875179392712,MIN
0.03496515308343264,-0.30943950824147537,0.2849651861505178,MIN
-0.08491627599558565,-0.13796347542636428,0.292385137528823,MIN
-0.08509202052060433,-0.29950586124843553,0.2658751052052564,MIN
-0.01859922004000112,-0.1436728994119707,0.32633200466359613,MIN
-0.046134266328267684,-0.26202356988964987,0.10565567036661497,MIN
-0.05376825846385995,-0.09561181157111572,0.19048850479353283,MIN
-0.13062471290761857,-0.22338490847983392,0.2491836242646835,MIN
-0.1088244187872299,-0.20925741998239933,0.20036752411538916,MIN
0.045875479779271276,-0.29694587140667283,0.24309410443972956,MIN
0.045069519769489204,-0.16254051228489488,0.14298729300621146,MIN
-0.030391960610013764,-0.266217213611596,0.12387459244458493,MIN
-0.032418468083791924,-0.18800078124986855,0.1922782846654144,MIN
-0.07628976801174236,-0.14442274518714687,0.18248577923437562,MIN
0.07592404964645773,-0.20061167194719737,0.22224956370476825,MIN
-0.0468207073839263,-0.26535912259047234,0.26009691197782614,MIN
-0.026703799422499768,-0.13095376346869436,0.14243372974649599,MIN
0.08163871830774985,-0.14356465416602318,0.17240500878584983,MIN
-0.055820560693195756,-0.2217810865277506,0.22104378855043388,MIN
0.008501372043995719,-0.22414909129338714,0.2268808931894613,MIN
-0.0012759401056786704,-0.18791355709789107,0.11041693743014894,MIN
-0.02155479485965748,-0.2677271273561089,0.29870590877276937,MIN
-0.0014378868982309698,-0.13332176823433095,0.18104272654143921,MIN
-0.26645896257832646,0.2463958225388424,0.1288545010483202,MAJ
0.23354103742167354,-0.08693751079449097,-0.27114549895168,MAJ
-0.016458962578326464,-0.19804862190560207,0.32885450104832015,MAJ
0.48354103742167354,0.4686180447610646,-0.07114549895167999,MAJ
-0.46958396257832646,0.13528471142773135,-0.35114549895168,MAJ
0.030416037421673536,-0.3091597330167131,0.2488545010483202,MAJ
-0.21958396257832646,0.35750693364995345,-0.15114549895168,MAJ
0.28041603742167354,0.024173600316620192,0.44885450104832014,MAJ
-0.34458396257832646,-0.45730788116486126,0.04885450104832012,MAJ
0.15541603742167354,0.20935878550180542,-0.43114549895168,MAJ
-0.09458396257832646,-0.123974547831528,0.16885450104832023,MAJ
0.40541603742167354,-0.2350856589426391,-0.23114549895168002,MAJ
-0.40708396257832646,0.4315810077240275,0.3688545010483202,MAJ
0.09291603742167354,0.09824767439069426,-0.031145498951680006,MAJ
-0.15708396257832646,-0.34619677005375016,-0.31114549895168,MAJ
0.34291603742167354,0.32046989661291636,0.2888545010483202,MAJ
-0.28208396257832646,-0.012863436720416899,-0.11114549895168002,MAJ
0.21791603742167354,-0.46965356017720694,0.4888545010483202,MAJ
-0.032083962578326464,0.1970131064894597,0.08885450104832016,MAJ
0.46791603742167354,-0.13632022684387368,-0.39114549895168,MAJ
-0.43833396257832646,-0.2474313379549848,0.20885450104832015,MAJ
0.061666037421673536,0.4192353287116819,-0.19114549895167998,MAJ
-0.18833396257832646,0.08590199537834864,0.4088545010483201,MAJ
0.31166603742167354,-0.35854244906609584,0.008854501048320085,MAJ
-0.31333396257832646,0.30812421760057074,-0.48714549895168,MAJ
0.18666603742167354,-0.025209115732762577,0.11285450104832018,MAJ
-0.06333396257832646,-0.39557948610313287,-0.28714549895167996,MAJ
0.43666603742167354,0.27108718056353376,0.31285450104832013,MAJ
-0.37583396257832646,-0.06224615276979961,-0.08714549895168,MAJ
0.12416603742167354,-0.17335726388091072,-0.36714549895168,MAJ
-0.12583396257832646,0.49330940278575597,0.23285450104832017,MAJ
0.37416603742167354,0.1599760694524227,-0.16714549895168002,MAJ
-0.25083396257832646,-0.28446837499202177,0.43285450104832013,MAJ
0.24916603742167354,0.3821982916746448,0.032854501048320106,MAJ
-0.0008339625783264637,0.04886495834131155,-0.44714549895168,MAJ
0.49916603742167354,-0.43261652314016996,0.1528545010483202,MAJ
-0.49936911882832646,0.23405014352649678,-0.24714549895168003,MAJ
0.0006308811716735363,-0.09928318980683665,0.35285450104832017,MAJ
-0.24936911882832646,-0.21039430091794775,-0.04714549895168002,MAJ
0.25063088117167354,0.4562723657487189,-0.32714549895168,MAJ
-0.37436911882832646,0.12293903241538562,0.2728545010483202,MAJ
0.12563088117167354,-0.3215054120290588,-0.12714549895168004,MAJ
-0.12436911882832646,0.3451612546376077,0.47285450104832016,MAJ
0.37563088117167354,0.011827921304274569,0.07285450104832014,MAJ
-0.43686911882832646,-0.4819992391895526,-0.40714549895168,MAJ
0.06313088117167354,0.18466742747711395,0.19285450104832014,MAJ
-0.18686911882832646,-0.14866590585621936,-0.20714549895168,MAJ
0.31313088117167354,-0.2597770169673304,0.3928545010483201,MAJ
-0.31186911882832646,0.4068896496993363,-0.007145498951679985,MAJ
0.18813088117167354,0.07355631636600302,-0.46314549895168,MAJ
-0.061869118828326464,-0.3708881280784415,0.1368545010483202,MAJ
0.43813088117167354,0.2957785385882251,-0.26314549895168,MAJ
-0.46811911882832646,-0.037554794745108255,0.33685450104832015,MAJ
0.031880881171673536,-0.4079251651154786,-0.06314549895167998,MAJ
-0.21811911882832646,0.25874150155118814,-0.34314549895168,MAJ
0.28188088117167354,-0.07459183178214529,0.2568545010483202,MAJ
-0.34311911882832646,-0.1857029428932564,-0.14314549895168005,MAJ
0.15688088117167354,0.48096372377341023,0.45685450104832015,MAJ
-0.09311911882832646,0.14763039044007698,0.05685450104832013,MAJ
0.40688088117167354,-0.29681405400436744,-0.42314549895167997,MAJ
-0.40561911882832646,0.3698526126622991,0.17685450104832023,MAJ
0.09438088117167354,0.036519279328965815,-0.22314549895168,MAJ
-0.15561911882832646,-0.4449622021525156,0.3768545010483202,MAJ
0.34438088117167354,0.22170446451415116,-0.023145498951680055,MAJ
-0.28061911882832646,-0.11162886881918233,-0.30314549895167997,MAJ
0.21938088117167354,-0.22273997993029343,0.29685450104832023,MAJ
-0.030619118828326464,0.44392668673637325,-0.10314549895168001,MAJ
0.46938088117167354,0.11059335340304,0.4968545010483202,MAJ
-0.48374411882832646,-0.3338510910414045,0.09685450104832016,MAJ
0.016255881171673536,0.3328155756252621,-0.38314549895168,MAJ
-0.23374411882832646,-0.0005177577080712203,0.21685450104832016,MAJ
0.26625588117167354,-0.4989173919101745,-0.18314549895167997,MAJ
-0.35874411882832646,0.16774927475649226,0.4168545010483201,MAJ
0.14125588117167354,-0.16558405857684122,0.016854501048320092,MAJ
-0.10874411882832646,-0.27669516968795227,-0.47914549895168,MAJ
0.39125588117167354,0.38997149697871447,0.12085450104832018,MAJ
-0.42124411882832646,0.05663816364538121,-0.27914549895167995,MAJ
0.07875588117167354,-0.3878062807990634,0.32085450104832014,MAJ
-0.17124411882832646,0.2788603858676033,-0.07914549895168,MAJ
0.32875588117167354,-0.054472947465730115,-0.35914549895168,MAJ
-0.29624411882832646,-0.4248433178361004,0.24085450104832018,MAJ
-0.046244118828326464,-0.09150998450276715,0.44085450104832014,MAJ
0.45375588117167354,-0.20262109561387825,0.04085450104832011,MAJ
-0.45249411882832646,0.46404557105278854,-0.43914549895168,MAJ
0.047505881171673536,0.13071223771945528,0.16085450104832022,MAJ
-0.20249411882832646,-0.31373220672498936,-0.23914549895168002,MAJ
0.29750588117167354,0.3529344599416774,0.3608545010483202,MAJ
-0.32749411882832646,0.01960112660834412,-0.03914549895168001,MAJ
0.17250588117167354,-0.46188035487313744,-0.31914549895168,MAJ
-0.07749411882832646,0.20478631179352935,0.2808545010483202,MAJ
0.42250588117167354,-0.12854702153980418,-0.11914549895168003,MAJ
-0.38999411882832646,-0.2396581326509153,0.48085450104832017,MAJ
0.11000588117167354,0.42700853401575145,0.08085450104832015,MAJ
-0.13999411882832646,0.09367520068241819,-0.39914549895168,MAJ
0.36000588117167354,-0.35076924376202634,0.20085450104832014,MAJ
-0.26499411882832646,0.3158974229046403,-0.19914549895168,MAJ
0.23500588117167354,-0.01743591042869308,0.4008545010483201,MAJ
-0.014994118828326464,-0.4742260338854831,0.0008545010483200777,MAJ
0.48500588117167354,0.19244063278118362,-0.49834549895168,MAJ
-0.49155661882832646,-0.14089270055214986,0.10165450104832019,MAJ
0.008443381171673536,-0.2520038116632609,-0.29834549895168,MAJ
-0.24155661882832646,0.41466285500340583,0.30165450104832014,MAJ
0.25844338117167354,0.08132952167007257,-0.09834549895168004,MAJ
-0.36655661882832646,-0.3631149227743721,-0.37834549895168,MAJ
0.13344338117167354,0.30355174389229467,0.22165450104832018,MAJ
-0.11655661882832646,-0.02978158944103876,-0.17834549895168006,MAJ
0.38344338117167354,-0.40015195981140905,0.42165450104832014,MAJ
-0.42905661882832646,0.2665147068552577,0.02165450104832012,MAJ
0.07094338117167354,-0.0668186264780758,-0.45834549895168,MAJ
-0.17905661882832646,-0.1779297375891869,0.14165450104832022,MAJ
0.32094338117167354,0.4887369290774799,-0.25834549895168,MAJ
-0.30405661882832646,0.15540359574414664,0.3416545010483202,MAJ
0.19594338117167354,-0.289040848700298,-0.058345498951680064,MAJ
-0.054056618828326464,0.37762581796636874,-0.33834549895168,MAJ
0.44594338117167354,0.04429248463303548,0.2616545010483202,MAJ
-0.46030661882832646,-0.4371889968484461,-0.13834549895168008,MAJ
0.039693381171673536,0.2294776698182207,0.4616545010483202,MAJ
-0.21030661882832646,-0.10385566351511283,0.061654501048320154,MAJ
0.28969338117167354,-0.21496677462622393,-0.41834549895168,MAJ
-0.33530661882832646,0.4516998920404428,0.18165450104832015,MAJ
-0.08530661882832646,-0.326077885737335,0.3816545010483201,MAJ
0.41469338117167354,0.34058878092933165,-0.018345498951680028,MAJ
-0.39780661882832646,0.007255447595998499,-0.47434549895168,MAJ
0.10219338117167354,-0.4865717128978288,0.1256545010483202,MAJ
-0.14780661882832646,0.18009495376883788,-0.27434549895168003,MAJ
0.35219338117167354,-0.15323837956449554,0.32565450104832017,MAJ
-0.27280661882832646,-0.26434949067560665,-0.07434549895168002,MAJ
0.22719338117167354,0.4023171759910602,-0.35434549895168,MAJ
-0.022806618828326464,0.06898384265772695,0.2456545010483202,MAJ
0.47719338117167354,-0.3754606017867177,-0.15434549895168004,MAJ
-0.47593161882832646,0.29120606487994904,0.44565450104832016,MAJ
0.024068381171673536,-0.04212726845338444,0.04565450104832014,MAJ
-0.22593161882832646,-0.41249763882375473,-0.43434549895168,MAJ
0.27406838117167354,0.25416902784291207,0.16565450104832025,MAJ
-0.35093161882832646,-0.07916430549042147,-0.23434549895168005,MAJ
0.14906838117167354,-0.19027541660153258,0.3656545010483202,MAJ
-0.10093161882832646,0.47639125006513416,-0.03434549895168004,MAJ
0.39906838117167354,0.1430579167318009,-0.31434549895168,MAJ
-0.41343161882832646,-0.3013865277126436,0.28565450104832024,MAJ
0.08656838117167354,0.365280138954023,-0.11434549895168006,MAJ
-0.16343161882832646,0.031946805620689744,0.4856545010483202,MAJ
0.33656838117167354,-0.44953467586079177,0.08565450104832018,MAJ
-0.28843161882832646,0.21713199080587509,-0.39434549895168,MAJ
0.21156838117167354,-0.1162013425274585,0.20565450104832017,MAJ
-0.038431618828326464,-0.2273124536385696,-0.19434549895168002,MAJ
0.46156838117167354,0.4393542130280972,0.4056545010483201,MAJ
-0.44468161882832646,0.10602087969476393,0.005654501048320104,MAJ
0.055318381171673536,-0.3384235647496807,-0.49034549895168,MAJ
-0.19468161882832646,0.328243101916986,0.1096545010483202,MAJ
0.30531838117167354,-0.005090231416347402,-0.29034549895168,MAJ
-0.31968161882832646,-0.4906869392352774,0.30965450104832015,MAJ
0.18031838117167354,0.17597972743138934,-0.09034549895168004,MAJ
-0.06968161882832646,-0.15735360590194408,-0.37034549895168,MAJ
0.43031838117167354,-0.2684647170130552,0.2296545010483202,MAJ
-0.38218161882832646,0.39820194965361155,-0.17034549895168005,MAJ
0.11781838117167354,0.0648686163202783,0.42965450104832015,MAJ
-0.13218161882832646,-0.37957582812416624,0.029654501048320125,MAJ
0.36781838117167354,0.2870908385425004,-0.45034549895168,MAJ
-0.25718161882832646,-0.04624249479083298,0.14965450104832023,MAJ
0.24281838117167354,-0.4166128651612033,-0.25034549895168,MAJ
-0.007181618828326464,0.2500538015054634,0.3496545010483202,MAJ
0.49281838117167354,-0.08327953182787001,-0.05034549895168006,MAJ
-0.49546286882832646,-0.19439064293898112,-0.33034549895167997,MAJ
0.004537131171673536,0.4722760237276856,0.2696545010483202,MAJ
-0.24546286882832646,0.13894269039435236,-0.13034549895168007,MAJ
0.25453713117167354,-0.3055017540500922,0.4696545010483202,MAJ
-0.37046286882832646,0.36116491261657446,0.06965450104832016,MAJ
0.12953713117167354,0.027831579283241203,-0.41034549895168,MAJ
-0.12046286882832646,-0.4536499021982403,0.18965450104832016,MAJ
0.37953713117167354,0.21301676446842643,-0.21034549895168003,MAJ
-0.43296286882832646,-0.12031656886490705,0.3896545010483201,MAJ
0.06703713117167354,-0.23142767997601815,-0.010345498951680021,MAJ
-0.18296286882832646,0.43523898669064853,-0.46634549895168,MAJ
0.31703713117167354,0.10190565335731527,0.13365450104832022,MAJ
-0.30796286882832646,-0.34253879108712926,-0.26634549895168,MAJ
0.19203713117167354,0.3241278755795374,0.3336545010483202,MAJ
-0.057962868828326464,-0.009205457753795943,-0.06634549895168002,MAJ
0.44203713117167354,-0.46599558121058604,-0.34634549895168,MAJ
-0.46421286882832646,0.2006710854560807,0.2536545010483202,MAJ
0.035787131171673536,-0.13266224787725273,-0.1463454989516801,MAJ
-0.21421286882832646,-0.24377335898836383,0.45365450104832017,MAJ
0.28578713117167354,0.4228933076783029,0.05365450104832015,MAJ
-0.33921286882832646,0.08955997434496965,-0.42634549895168,MAJ
0.16078713117167354,-0.35488447009947494,0.17365450104832025,MAJ
-0.08921286882832646,0.31178219656719175,-0.22634549895168005,MAJ
0.41078713117167354,-0.02155113676614162,0.3736545010483202,MAJ
-0.40171286882832646,-0.39192150713651197,-0.02634549895168009,MAJ
0.09828713117167354,0.27474515953015477,-0.30634549895168,MAJ
-0.15171286882832646,-0.058588173803178656,0.29365450104832025,MAJ
0.34828713117167354,-0.16969928491428976,-0.10634549895168005,MAJ
-0.27671286882832646,0.496967381752377,0.4936545010483202,MAJ
0.22328713117167354,0.16363404841904372,0.09365450104832018,MAJ
-0.026712868828326464,-0.28081039602540087,-0.38634549895168,MAJ
0.47328713117167354,0.3858562706412658,0.21365450104832018,MAJ
-0.47983786882832646,0.05252293730793256,-0.18634549895168,MAJ
0.020162131171673536,-0.42895854417354895,0.41365450104832013,MAJ
0.27016213117167354,-0.09562521084021569,-0.48234549895168,MAJ
-0.35483786882832646,-0.2067363219513268,0.1176545010483202,MAJ
0.14516213117167354,0.4599303447153399,-0.28234549895168,MAJ
-0.10483786882832646,0.12659701138200663,0.31765450104832016,MAJ
0.39516213117167354,-0.3178474330624379,-0.08234549895168003,MAJ
-0.41733786882832646,0.34881923360422873,-0.36234549895168,MAJ
0.08266213117167354,0.01548590027089558,0.2376545010483202,MAJ
-0.16733786882832646,-0.4783412602229317,-0.16234549895168005,MAJ
0.33266213117167354,0.18832540644373497,0.43765450104832015,MAJ
-0.29233786882832646,-0.1450079268895984,0.03765450104832013,MAJ
0.20766213117167354,-0.2561190380007095,-0.44234549895168,MAJ
-0.042337868828326464,0.4105476286659573,0.15765450104832024,MAJ
0.45766213117167354,0.07721429533262403,-0.24234549895168006,MAJ
-0.44858786882832646,-0.3672301491118206,0.3576545010483202,MAJ
0.051412131171673536,0.2994365175548461,-0.04234549895168005,MAJ
-0.19858786882832646,-0.0338968157784873,-0.32234549895168,MAJ
0.30141213117167354,-0.4042671861488576,0.27765450104832023,MAJ
-0.32358786882832646,0.26239948051780915,-0.12234549895168007,MAJ
0.17641213117167354,-0.07093385281552433,0.4776545010483202,MAJ
-0.07358786882832646,-0.18204496392663544,0.07765450104832017,MAJ
0.42641213117167354,0.48462170274003125,-0.40234549895168,MAJ
-0.38608786882832646,0.151288369406698,0.19765450104832016,MAJ
0.11391213117167354,-0.29315607503774654,-0.20234549895168003,MAJ
-0.13608786882832646,0.3735105916289201,0.3976545010483201,MAJ
0.36391213117167354,0.040177258295586826,-0.002345498951680014,MAJ
-0.26108786882832646,-0.4413042231858947,-0.49354549895168,MAJ
0.23891213117167354,0.22536244348077217,0.1064545010483201,MAJ
-0.011087868828326464,-0.10797088985256137,-0.29354549895168003,MAJ
0.48891213117167354,-0.21908200096367247,0.30645450104832006,MAJ
-0.48765036882832646,0.44758466570299427,-0.09354549895168002,MAJ
0.012349631171673536,0.11425133236966101,-0.37354549895168,MAJ
-0.23765036882832646,-0.3301931120747836,0.2264545010483201,MAJ
0.26234963117167354,0.3364735545918831,-0.17354549895168003,MAJ
-0.36265036882832646,0.003140221258549847,0.42645450104832006,MAJ
0.13734963117167354,-0.49480216557272594,0.026454501048320034,MAJ
-0.11265036882832646,0.1718645010939408,-0.45354549895168,MAJ
0.38734963117167354,-0.16146883223939268,0.14645450104832014,MAJ
-0.42515036882832646,-0.27257994335050373,-0.25354549895168,MAJ
0.07484963117167354,0.394086723316163,0.3464545010483201,MAJ
-0.17515036882832646,0.06075338998282975,-0.05354549895168004,MAJ
0.32484963117167354,-0.38369105446161483,-0.33354549895168,MAJ
-0.30015036882832646,0.28297561220505185,0.26645450104832014,MAJ
0.19984963117167354,-0.050357721128281574,-0.13354549895168005,MAJ
-0.050150368828326464,-0.42072809149865187,0.4664545010483201,MAJ
0.44984963117167354,0.24593857516801487,0.06645450104832007,MAJ
-0.45640036882832646,-0.08739475816531861,-0.41354549895168,MAJ
-0.20640036882832646,0.4681607973902371,-0.21354549895168,MAJ
0.29359963117167354,0.13482746405690382,0.38645450104832,MAJ
-0.33140036882832646,-0.30961698038754076,-0.013545498951680002,MAJ
0.16859963117167354,0.3570496862791259,-0.46954549895168,MAJ
-0.08140036882832646,0.023716352945792663,0.13045450104832013,MAJ
0.41859963117167354,-0.4577651285356889,-0.26954549895168,MAJ
-0.39390036882832646,0.2089015381309779,0.3304545010483201,MAJ
0.10609963117167354,-0.12443179520235564,-0.06954549895168,MAJ
-0.14390036882832646,-0.23554290631346675,-0.34954549895168,MAJ
0.35609963117167354,0.4311237603532,0.2504545010483201,MAJ
-0.26890036882832646,0.09779042701986673,-0.14954549895168,MAJ
0.23109963117167354,-0.3466540174245778,0.4504545010483201,MAJ
-0.018900368828326464,0.32001264924208883,0.050454501048320055,MAJ
0.48109963117167354,-0.013320684091244539,-0.42954549895168,MAJ
-0.47202536882832646,-0.4701108075480346,0.17045450104832016,MAJ
0.027974631171673536,0.19655585911863216,-0.22954549895168003,MAJ
-0.22202536882832646,-0.13677747421470132,0.3704545010483201,MAJ
0.27797463117167354,-0.24788858532581243,-0.029545498951680016,MAJ
-0.34702536882832646,0.41877808134085437,-0.30954549895168004,MAJ
0.15297463117167354,0.08544474800752111,0.29045450104832016,MAJ
-0.09702536882832646,-0.3589996964369235,-0.10954549895168003,MAJ
0.40297463117167354,0.3076669702297432,0.4904545010483201,MAJ
-0.40952536882832646,-0.025666363103590217,0.09045450104832009,MAJ
0.09047463117167354,-0.3960367334739605,-0.38954549895168,MAJ
-0.15952536882832646,0.27062993319270623,0.2104545010483201,MAJ
0.34047463117167354,-0.06270340014062725,-0.18954549895168,MAJ
-0.28452536882832646,-0.17381451125173836,0.41045450104832004,MAJ
0.21547463117167354,0.49285215541492844,0.01045450104832002,MAJ
-0.034525368828326464,0.15951882208159518,-0.48554549895168,MAJ
0.46547463117167354,-0.2849256223628494,0.11445450104832011,MAJ
-0.44077536882832646,0.3817410443038173,-0.28554549895168,MAJ
0.059224631171673536,0.04840771097048402,0.31445450104832007,MAJ
-0.19077536882832646,-0.43307377051099755,-0.08554549895168001,MAJ
0.30922463117167354,0.23359289615566925,-0.36554549895168,MAJ
-0.31577536882832646,-0.09974043717766429,0.2344545010483201,MAJ
0.18422463117167354,-0.2108515482887754,-0.16554549895168003,MAJ
-0.06577536882832646,0.45581511837789135,0.43445450104832006,MAJ
0.43422463117167354,0.12248178504455809,0.03445450104832004,MAJ
-0.37827536882832646,-0.32196265939988644,-0.44554549895168,MAJ
0.12172463117167354,0.3447040072667802,0.15445450104832015,MAJ
-0.12827536882832646,0.01137067393344704,-0.24554549895168004,MAJ
0.37172463117167354,-0.48245648656038026,0.3544545010483201,MAJ
0.24672463117167354,-0.149123153227047,-0.32554549895168,MAJ
0.49672463117167354,0.40643240232850875,-0.12554549895168005,MAJ
-0.49741599382832646,0.07309906899517549,0.4744545010483201,MAJ
0.0025840061716735363,-0.37134537544926915,0.07445450104832008,MAJ
-0.24741599382832646,0.2953212912173976,-0.40554549895168,MAJ
0.25258400617167354,-0.038012042115935896,0.19445450104832007,MAJ
-0.37241599382832646,-0.4083824124863062,-0.20554549895168,MAJ
0.12758400617167354,0.2582842541803606,0.39445450104832,MAJ
-0.12241599382832646,-0.07504907915297293,-0.005545498951679995,MAJ
0.37758400617167354,-0.18616019026408404,-0.46154549895168,MAJ
-0.43491599382832646,0.4805064764025827,0.13845450104832013,MAJ
0.06508400617167354,0.14717314306924945,-0.26154549895168,MAJ
-0.18491599382832646,-0.2972713013751951,0.3384545010483201,MAJ
0.31508400617167354,0.36939536529147154,-0.06154549895167999,MAJ
-0.30991599382832646,0.036062031958138285,-0.34154549895168,MAJ
0.19008400617167354,-0.4454194495233432,0.25845450104832013,MAJ
-0.059915993828326464,0.22124721714332363,-0.14154549895168006,MAJ
0.44008400617167354,-0.11208611619000997,0.4584545010483201,MAJ
-0.46616599382832646,-0.22319722730112107,0.05845450104832006,MAJ
0.033834006171673536,0.4434694393655457,-0.42154549895168,MAJ
-0.21616599382832646,0.11013610603221247,0.17845450104832017,MAJ
0.28383400617167354,-0.3343083384122321,-0.22154549895168002,MAJ
-0.34116599382832646,0.33235832825443457,0.3784545010483201,MAJ
0.15883400617167354,-0.0009750050788988607,-0.021545498951680064,MAJ
-0.09116599382832646,-0.4961739076852088,-0.30154549895168004,MAJ
0.40883400617167354,0.170492758981458,0.29845450104832016,MAJ
-0.40366599382832646,-0.1628405743518755,-0.10154549895168002,MAJ
0.09633400617167354,-0.2739516854629866,0.4984545010483201,MAJ
-0.15366599382832646,0.3927149812036802,0.0984545010483201,MAJ
0.34633400617167354,0.05938164787034694,-0.38154549895168,MAJ
-0.27866599382832646,-0.3850627965740977,0.2184545010483201,MAJ
-0.028665993828326464,-0.051729463240764384,0.41845450104832005,MAJ
0.47133400617167354,-0.42209983361113473,0.018454501048320027,MAJ
-0.48179099382832646,0.24456683305553206,-0.47754549895167997,MAJ
0.018209006171673536,-0.08876650027780142,0.12245450104832012,MAJ
-0.23179099382832646,-0.19987761138891252,-0.27754549895168,MAJ
0.26820900617167354,0.4667890552777543,0.3224545010483201,MAJ
-0.35679099382832646,0.133455721944421,-0.07754549895168,MAJ
0.14320900617167354,-0.31098872250002363,-0.35754549895168,MAJ
-0.10679099382832646,0.3556779441666431,0.24245450104832011,MAJ
0.39320900617167354,0.022344610833309853,-0.15754549895168002,MAJ
-0.41929099382832646,-0.45913687064817177,0.44245450104832007,MAJ
0.08070900617167354,0.20752979601849508,0.04245450104832005,MAJ
-0.16929099382832646,-0.12580353731483845,-0.43754549895168,MAJ
0.33070900617167354,-0.23691464842594956,0.16245450104832015,MAJ
-0.29429099382832646,0.4297520182407172,-0.23754549895168003,MAJ
0.20570900617167354,0.09641868490738392,0.3624545010483201,MAJ
-0.044290993828326464,-0.34802575953706066,-0.03754549895168002,MAJ
0.45570900617167354,0.318640907129606,-0.31754549895168005,MAJ
-0.45054099382832646,-0.014692426203727349,0.28245450104832015,MAJ
0.049459006171673536,-0.47148254966051745,-0.11754549895168004,MAJ
-0.20054099382832646,0.19518411700614935,0.4824545010483201,MAJ
0.29945900617167354,-0.13814921632718413,0.08245450104832008,MAJ
-0.32554099382832646,-0.24926032743829524,-0.39754549895168,MAJ
0.17445900617167354,0.41740633922837156,0.20245450104832008,MAJ
-0.07554099382832646,0.0840730058950383,-0.19754549895168,MAJ
0.42445900617167354,-0.36037143854940634,0.40245450104832003,MAJ
-0.38804099382832646,0.3062952281172604,0.0024545010483201235,MAJ
0.11195900617167354,-0.027038105216073027,-0.49674549895168,MAJ
-0.13804099382832646,-0.3974084755864434,0.10325450104832012,MAJ
0.36195900617167354,0.2692581910802234,-0.29674549895168,MAJ
-0.26304099382832646,-0.06407514225311006,0.3032545010483201,MAJ
0.23695900617167354,-0.17518625336422117,-0.09674549895168005,MAJ
-0.013040993828326464,0.49148041330244563,-0.37674549895168,MAJ
0.48695900617167354,0.15814707996911237,0.22325450104832012,MAJ
-0.48960349382832646,-0.28629736447533227,-0.17674549895168007,MAJ
0.010396506171673536,0.38036930219133447,0.4232545010483201,MAJ
-0.23960349382832646,0.04703596885800121,0.023254501048320053,MAJ
0.26039650617167354,-0.4344455126234804,-0.45674549895168,MAJ
-0.36460349382832646,0.23222115404318644,0.14325450104832016,MAJ
0.13539650617167354,-0.1011121792901471,-0.25674549895168,MAJ
-0.11460349382832646,-0.2122232904012582,0.3432545010483201,MAJ
0.38539650617167354,0.45444337626540854,-0.05674549895168007,MAJ
-0.42710349382832646,0.12111004293207528,-0.33674549895168,MAJ
0.07289650617167354,-0.3233344015123693,0.26325450104832016,MAJ
-0.17710349382832646,0.3433322651542974,-0.1367454989516801,MAJ
0.32289650617167354,0.00999893182096423,0.4632545010483201,MAJ
-0.30210349382832646,-0.4838282286728631,0.06325450104832009,MAJ
0.19789650617167354,0.18283843799380362,-0.41674549895168,MAJ
0.44789650617167354,-0.2616060064506409,-0.21674549895168005,MAJ
-0.45835349382832646,0.40506066021602594,0.38325450104832004,MAJ
0.041646506171673536,0.07172732688269268,-0.016745498951680038,MAJ
-0.20835349382832646,-0.372717117561752,-0.47274549895168,MAJ
0.29164650617167354,0.2939495491049148,0.12725450104832015,MAJ
-0.33335349382832646,-0.039383784228418706,-0.27274549895168,MAJ
0.16664650617167354,-0.40975415459878906,0.3272545010483201,MAJ
-0.08335349382832646,0.2569125120678778,-0.07274549895168003,MAJ
0.41664650617167354,-0.07642082126545574,-0.35274549895168,MAJ
-0.39585349382832646,-0.18753193237656685,0.24725450104832014,MAJ
0.10414650617167354,0.4791347342900999,-0.15274549895168005,MAJ
-0.14585349382832646,0.14580140095676664,0.4472545010483201,MAJ
0.35414650617167354,-0.29864304348767795,0.047254501048320074,MAJ
-0.27085349382832646,0.36802362317898873,-0.43274549895168,MAJ
0.22914650617167354,0.034690289845655475,0.16725450104832018,MAJ
-0.020853493828326464,-0.4467911916358261,-0.23274549895168006,MAJ
0.47914650617167354,0.21987547503084082,0.36725450104832014,MAJ
-0.47397849382832646,-0.11345785830249278,-0.03274549895168005,MAJ
0.026021506171673536,-0.22456896941360388,-0.31274549895168,MAJ
-0.22397849382832646,0.4420976972530629,0.2872545010483202,MAJ
0.27602150617167354,0.10876436391972966,-0.11274549895168007,MAJ
-0.34897849382832646,-0.335680080524715,0.48725450104832013,MAJ
0.15102150617167354,0.33098658614195176,0.08725450104832011,MAJ
-0.09897849382832646,-0.0023467471913816706,-0.39274549895168,MAJ
0.40102150617167354,-0.48794345501031167,0.2072545010483201,MAJ
-0.41147849382832646,0.17872321165635507,-0.19274549895168003,MAJ
0.08852150617167354,-0.15461012167697835,0.40725450104832006,MAJ
-0.16147849382832646,-0.26572123278808946,0.007254501048320039,MAJ
0.33852150617167354,0.4009454338785773,-0.48874549895168,MAJ
-0.28647849382832646,0.06761210054524402,0.11125450104832013,MAJ
0.21352150617167354,-0.37683234389920056,-0.28874549895168,MAJ
-0.036478493828326464,0.2898343227674661,0.3112545010483201,MAJ
0.46352150617167354,-0.04349901056586725,-0.08874549895168005,MAJ
-0.44272849382832646,-0.4138693809362376,-0.36874549895167996,MAJ
0.057271506171673536,0.25279728573042914,0.23125450104832013,MAJ
-0.19272849382832646,-0.08053604760290428,-0.16874549895168006,MAJ
0.30727150617167354,-0.1916471587140154,0.4312545010483201,MAJ
-0.31772849382832646,0.47501950795265135,0.03125450104832006,MAJ
0.18227150617167354,0.1416861746193181,-0.44874549895168,MAJ
-0.06772849382832646,-0.30275826982512655,0.15125450104832017,MAJ
0.43227150617167354,0.3639083968415402,-0.24874549895168002,MAJ
-0.38022849382832646,0.030575063508206934,0.3512545010483201,MAJ
0.11977150617167354,-0.45090641797327463,-0.048745498951680066,MAJ
-0.13022849382832646,0.21576024869339216,-0.32874549895168,MAJ
0.36977150617167354,-0.11757308463994132,0.27125450104832016,MAJ
-0.25522849382832646,-0.22868419575105242,-0.12874549895168008,MAJ
0.24477150617167354,0.43798247091561426,0.4712545010483201,MAJ
-0.005228493828326464,0.104649137582281,0.0712545010483201,MAJ
0.49477150617167354,-0.3397953068621635,-0.40874549895168,MAJ
-0.49350974382832646,0.3268713598045031,0.1912545010483201,MAJ
0.006490256171673536,-0.006461973528830212,-0.20874549895168004,MAJ
-0.24350974382832646,-0.4632520969856203,0.39125450104832005,MAJ
0.25649025617167354,0.20341456968104643,-0.00874549895168003,MAJ
-0.36850974382832646,-0.129918763652287,-0.46474549895168,MAJ
0.13149025617167354,-0.2410298747633981,0.13525450104832015,MAJ
-0.11850974382832646,0.42563679190326864,-0.26474549895168,MAJ
0.38149025617167354,0.09230345856993538,0.3352545010483201,MAJ
-0.43100974382832646,-0.35214098587450926,-0.06474549895168003,MAJ
0.06899025617167354,0.3145256807921575,-0.34474549895168,MAJ
-0.18100974382832646,-0.01880765254117589,0.25525450104832015,MAJ
0.31899025617167354,-0.38917802291154624,-0.1447454989516801,MAJ
-0.30600974382832646,0.2774886437551205,0.4552545010483201,MAJ
0.19399025617167354,-0.055844689578212925,0.05525450104832008,MAJ
-0.056009743828326464,-0.16695580068932403,-0.42474549895168,MAJ
0.44399025617167354,0.4997108659773427,0.1752545010483202,MAJ
-0.46225974382832646,0.16637753264400945,-0.22474549895168006,MAJ
0.037740256171673536,-0.2780669118004352,0.37525450104832014,MAJ
-0.21225974382832646,0.38859975486623155,-0.0247454989516801,MAJ
0.28774025617167354,0.05526642153289829,-0.30474549895168,MAJ
-0.33725974382832646,-0.4262150599485833,0.2952545010483202,MAJ
0.16274025617167354,0.24045160671808352,-0.10474549895168006,MAJ
-0.08725974382832646,-0.09288172661524996,0.49525450104832014,MAJ
0.41274025617167354,-0.20399283772636106,0.09525450104832012,MAJ
-0.39975974382832646,0.4626738289403056,-0.38474549895168,MAJ
0.10024025617167354,0.12934049560697236,0.2152545010483201,MAJ
-0.14975974382832646,-0.31510394883747217,-0.18474549895168002,MAJ
0.35024025617167354,0.35156271782919446,0.41525450104832007,MAJ
-0.27475974382832646,0.01822938449586131,0.015254501048320046,MAJ
0.22524025617167354,-0.475597775997966,-0.48074549895168,MAJ
-0.024759743828326464,0.1910688906687007,0.11925450104832014,MAJ
0.47524025617167354,-0.14226444266463267,-0.28074549895168,MAJ
-0.47788474382832646,-0.25337555377574383,0.3192545010483201,MAJ
0.022115256171673536,0.413291112890923,-0.08074549895168004,MAJ
-0.22788474382832646,0.07995777955758976,-0.36074549895167995,MAJ
0.27211525617167354,-0.3644866648868549,0.23925450104832013,MAJ
-0.35288474382832646,0.30218000177981186,-0.16074549895168005,MAJ
0.14711525617167354,-0.031153331553521568,0.4392545010483201,MAJ
-0.10288474382832646,-0.4015237019238919,0.03925450104832007,MAJ
0.39711525617167354,0.2651429647427749,-0.44074549895168,MAJ
-0.41538474382832646,-0.0681903685905586,0.15925450104832017,MAJ
0.08461525617167354,-0.1793014797016697,-0.24074549895168007,MAJ
-0.16538474382832646,0.487365186964997,0.35925450104832013,MAJ
0.33461525617167354,0.15403185363166372,-0.04074549895168006,MAJ
-0.29038474382832646,-0.2904125908127808,-0.32074549895168003,MAJ
0.20961525617167354,0.3762540758538858,0.27925450104832017,MAJ
-0.040384743828326464,0.04292074252055256,-0.12074549895168007,MAJ
0.45961525617167354,-0.43856073896092895,0.4792545010483201,MAJ
-0.44663474382832646,0.2281059277057379,0.0792545010483201,MAJ
0.053365256171673536,-0.10522740562759564,-0.40074549895168,MAJ
-0.19663474382832646,-0.21633851673870674,0.1992545010483201,MAJ
0.30336525617167354,0.45032814992796,-0.20074549895168003,MAJ
-0.32163474382832646,0.11699481659462674,0.39925450104832005,MAJ
0.17836525617167354,-0.3274496278498179,-0.0007454989516800237,MAJ
-0.07163474382832646,0.33921703881684884,-0.49898549895168,MAJ
0.42836525617167354,0.005883705483515578,0.1010145010483201,MAJ
-0.38413474382832646,-0.4920586813477602,-0.29898549895168003,MAJ
0.11586525617167354,0.17460798531890653,0.30101450104832006,MAJ
-0.13413474382832646,-0.15872534801442695,-0.09898549895168002,MAJ
0.36586525617167354,-0.269836459125538,-0.37898549895168,MAJ
-0.25913474382832646,0.39683020754112874,0.2210145010483201,MAJ
0.24086525617167354,0.06349687420779548,-0.17898549895168003,MAJ
-0.009134743828326464,-0.38094757023664916,0.42101450104832006,MAJ
0.49086525617167354,0.2857190964300176,0.021014501048320033,MAJ
-0.48569724382832646,-0.04761423690331584,-0.45898549895168,MAJ
0.014302756171673536,-0.41798460727368614,0.14101450104832014,MAJ
-0.23569724382832646,0.2486820593929806,-0.25898549895168,MAJ
0.26430275617167354,-0.08465127394035288,0.3410145010483201,MAJ
-0.36069724382832646,-0.19576238505146398,-0.05898549895168004,MAJ
0.13930275617167354,0.4709042816152028,-0.33898549895168,MAJ
-0.11069724382832646,0.13757094828186955,0.26101450104832014,MAJ
0.38930275617167354,-0.3068734961625751,-0.13898549895168005,MAJ
-0.42319724382832646,0.35979317050409165,0.4610145010483201,MAJ
0.07680275617167354,0.026459837170758393,0.06101450104832007,MAJ
-0.17319724382832646,-0.4550216443107232,-0.41898549895168,MAJ
0.32680275617167354,0.21164502235594362,0.18101450104832006,MAJ
-0.29819724382832646,-0.12168831097738991,-0.21898549895168,MAJ
0.20180275617167354,-0.23279942208850102,0.38101450104832,MAJ
-0.048197243828326464,0.4338672445781657,-0.018985498951680002,MAJ
0.45180275617167354,0.10053391124483246,-0.47498549895168,MAJ
-0.45444724382832646,-0.34391053319961207,0.12501450104832013,MAJ
0.045552756171673536,0.32275613346705456,-0.27498549895168,MAJ
-0.20444724382832646,-0.010577199866278808,0.3250145010483201,MAJ
0.29555275617167354,-0.46736732332306885,-0.07498549895168,MAJ
-0.32944724382832646,0.1992993433435979,-0.35498549895168,MAJ
0.17055275617167354,-0.1340339899897356,0.24501450104832012,MAJ
-0.07944724382832646,-0.2451451011008467,-0.15498549895168,MAJ
0.42055275617167354,0.4215215655658201,0.4450145010483201,MAJ
-0.39194724382832646,0.08818823223248684,0.045014501048320055,MAJ
0.10805275617167354,-0.3562562122119578,-0.43498549895168,MAJ
-0.14194724382832646,0.31041045445470894,0.16501450104832016,MAJ
0.35805275617167354,-0.022922878878624486,-0.23498549895168003,MAJ
-0.26694724382832646,-0.3932932492489948,0.3650145010483201,MAJ
0.23305275617167354,0.27337341741767196,-0.034985498951680016,MAJ
-0.016947243828326464,-0.05995991591566152,-0.31498549895168004,MAJ
0.48305275617167354,-0.17107102702677263,0.28501450104832016,MAJ
-0.47007224382832646,0.49559563963989417,-0.11498549895168003,MAJ
0.029927756171673536,0.1622623063065609,0.4850145010483201,MAJ
-0.22007224382832646,-0.28218213813788373,0.08501450104832009,MAJ
0.27992775617167354,0.384484528528783,-0.39498549895168,MAJ
-0.34507224382832646,0.05115119519544975,0.20501450104832009,MAJ
0.15492775617167354,-0.43033028628603187,-0.19498549895168,MAJ
-0.09507224382832646,0.23633638038063498,0.40501450104832004,MAJ
0.40492775617167354,-0.09699695295269856,0.005014501048320019,MAJ
-0.40757224382832646,-0.20810806406380966,-0.49098549895168,MAJ
0.09242775617167354,0.4585586026028571,0.10901450104832011,MAJ
-0.15757224382832646,0.12522526926952382,-0.29098549895168,MAJ
0.34242775617167354,-0.3192191751749207,0.30901450104832007,MAJ
-0.28257224382832646,0.3474474914917459,-0.09098549895168001,MAJ
0.21742775617167354,0.01411415815841277,-0.37098549895168,MAJ
-0.032572243828326464,-0.47971300233541453,0.2290145010483201,MAJ
0.46742775617167354,0.18695366433125216,-0.17098549895168003,MAJ
-0.43882224382832646,-0.14637966900208127,0.42901450104832006,MAJ
0.061177756171673536,-0.2574907801131924,0.02901450104832004,MAJ
-0.18882224382832646,0.4091758865534745,-0.45098549895168,MAJ
0.31117775617167354,0.07584255322014122,0.14901450104832015,MAJ
-0.31382224382832646,-0.3686018912243034,-0.25098549895168,MAJ
0.18617775617167354,0.2980647754423633,0.3490145010483201,MAJ
-0.06382224382832646,-0.035268557890970165,-0.05098549895168003,MAJ
0.43617775617167354,-0.4056389282613405,-0.33098549895168,MAJ
-0.37632224382832646,0.26102773840532634,0.26901450104832014,MAJ
0.12367775617167354,-0.0723055949280072,-0.13098549895168005,MAJ
-0.12632224382832646,-0.1834167060391183,0.4690145010483201,MAJ
0.37367775617167354,0.48324996062754844,0.06901450104832008,MAJ
-0.25132224382832646,0.14991662729421518,-0.41098549895168,MAJ
0.24867775617167354,-0.29452781715022935,0.18901450104832007,MAJ
-0.0013222438283264637,0.3721388495164373,-0.21098549895168,MAJ
0.49867775617167354,0.038805516183104016,0.38901450104832,MAJ
-0.49839255632832646,-0.4426759652983775,-0.010985498951679995,MAJ
0.0016074436716735363,0.22399070136828936,-0.46698549895168,MAJ
-0.24839255632832646,-0.10934263196504423,0.13301450104832013,MAJ
0.25160744367167354,-0.22045374307615534,-0.26698549895168,MAJ
-0.37339255632832646,0.44621292359051146,0.3330145010483201,MAJ
0.12660744367167354,0.1128795902571782,-0.06698549895167999,MAJ
-0.12339255632832646,-0.33156485418726644,-0.34698549895168,MAJ
0.37660744367167354,0.3351018124794003,0.25301450104832013,MAJ
-0.43589255632832646,0.0017684791460670368,-0.14698549895168006,MAJ
0.06410744367167354,-0.4975456497976916,0.4530145010483201,MAJ
0.31410744367167354,-0.16421231646435835,-0.42698549895168,MAJ
-0.31089255632832646,-0.27532342757546946,0.17301450104832017,MAJ
0.18910744367167354,0.3913432390911973,-0.22698549895168002,MAJ
-0.060892556328326464,0.05800990575786402,0.3730145010483201,MAJ
0.43910744367167354,-0.3864345386865805,-0.026985498951680065,MAJ
-0.46714255632832646,0.2802321279800861,-0.30698549895168004,MAJ
0.032857443671673536,-0.05310120535324725,0.29301450104832016,MAJ
-0.21714255632832646,-0.4234715757236176,-0.10698549895168002,MAJ
0.28285744367167354,0.24319509094304914,0.4930145010483201,MAJ
-0.34214255632832646,-0.09013824239028428,0.0930145010483201,MAJ
0.15785744367167354,-0.2012493535013954,-0.38698549895168,MAJ
-0.09214255632832646,0.46541731316527135,0.2130145010483201,MAJ
0.40785744367167354,0.1320839798319381,-0.18698549895167998,MAJ
-0.40464255632832646,-0.31236046461250644,0.41301450104832005,MAJ
0.09535744367167354,0.3543062020541602,0.013014501048320026,MAJ
-0.15464255632832646,0.02097286872082693,-0.48298549895167997,MAJ
0.34535744367167354,-0.4605086127606546,0.11701450104832012,MAJ
-0.27964255632832646,0.20615805390601216,-0.28298549895168,MAJ
0.22035744367167354,-0.12717527942732132,0.3170145010483201,MAJ
-0.029642556328326464,-0.23828639053843242,-0.08298549895168,MAJ
0.47035744367167354,0.42838027612823426,-0.36298549895168,MAJ
-0.48276755632832646,0.095046942794901,0.23701450104832011,MAJ
0.017232443671673536,-0.34939750164954353,-0.16298549895168002,MAJ
-0.23276755632832646,0.3172691650171231,0.43701450104832007,MAJ
0.26723244367167354,-0.016064168316210214,0.03701450104832005,MAJ
-0.35776755632832646,-0.47285429177300026,-0.44298549895168,MAJ
0.14223244367167354,0.19381237489366643,0.15701450104832015,MAJ
-0.10776755632832646,-0.139520958439667,-0.24298549895168003,MAJ
0.39223244367167354,-0.2506320695507781,0.3570145010483201,MAJ
-0.42026755632832646,0.41603459711588864,-0.04298549895168002,MAJ
0.07973244367167354,0.08270126378255538,-0.32298549895168005,MAJ
-0.17026755632832646,-0.36174318066188915,0.27701450104832015,MAJ
0.32973244367167354,0.3049234860047775,-0.12298549895168004,MAJ
-0.29526755632832646,-0.028409847328555893,0.4770145010483201,MAJ
0.20473244367167354,-0.39878021769892624,0.07701450104832008,MAJ
-0.045267556328326464,0.2678864489677405,-0.40298549895168,MAJ
0.45473244367167354,-0.06544688436559293,0.19701450104832008,MAJ
-0.45151755632832646,-0.17655799547670403,-0.20298549895168,MAJ
0.048482443671673536,0.4901086711899627,0.39701450104832003,MAJ
0.29848244367167354,-0.2876691065878151,-0.49418549895168,MAJ
-0.32651755632832646,0.37899756007885155,0.10581450104832013,MAJ
0.17348244367167354,0.04566422674551829,-0.29418549895168,MAJ
-0.07651755632832646,-0.4358172547359632,0.3058145010483201,MAJ
0.42348244367167354,0.23084941193070352,-0.09418549895167999,MAJ
-0.38901755632832646,-0.10248392140262996,-0.37418549895168,MAJ
-0.13901755632832646,0.4530716341529256,-0.17418549895168,MAJ
0.36098244367167354,0.11973830081959236,0.4258145010483201,MAJ
-0.26401755632832646,-0.3247061436248522,0.02581450104832006,MAJ
0.23598244367167354,0.34196052304181446,-0.45418549895168,MAJ
-0.014017556328326464,0.008627189708481309,0.14581450104832017,MAJ
0.48598244367167354,-0.48519997078534594,-0.25418549895167997,MAJ
-0.49058005632832646,0.1814666958813207,0.3458145010483201,MAJ
0.009419943671673536,-0.15186663745201268,-0.05418549895168001,MAJ
-0.24058005632832646,-0.2629777485631237,-0.33418549895168004,MAJ
0.25941994367167354,0.403688918103543,0.26581450104832016,MAJ
-0.36558005632832646,0.07035558477020976,-0.13418549895168003,MAJ
0.13441994367167354,-0.3740888596742349,0.4658145010483201,MAJ
-0.11558005632832646,0.29257780699243185,0.0658145010483201,MAJ
0.38441994367167354,-0.04075552634090157,-0.41418549895168,MAJ
-0.42808005632832646,-0.41112589671127187,0.1858145010483201,MAJ
0.07191994367167354,0.2555407699553949,-0.21418549895168,MAJ
-0.17808005632832646,-0.0777925633779386,0.38581450104832005,MAJ
0.32191994367167354,-0.1889036744890497,-0.014185498951679976,MAJ
-0.30308005632832646,0.477762992177617,-0.47018549895168,MAJ
0.19691994367167354,0.14442965884428371,0.12981450104832015,MAJ
-0.053080056328326464,-0.3000147856001608,-0.27018549895168,MAJ
0.44691994367167354,0.3666518810665058,0.3298145010483201,MAJ
-0.45933005632832646,0.033318547733172554,-0.07018549895167997,MAJ
0.040669943671673536,-0.4481629337483089,-0.35018549895168005,MAJ
-0.20933005632832646,0.2185037329183579,0.24981450104832015,MAJ
0.29066994367167354,-0.11482960041497564,-0.15018549895167999,MAJ
-0.33433005632832646,-0.22594071152608675,0.4498145010483201,MAJ
0.16566994367167354,0.44072595514058,0.04981450104832008,MAJ
-0.08433005632832646,0.10739262180724674,-0.43018549895168,MAJ
0.41566994367167354,-0.3370518226371978,0.1698145010483202,MAJ
-0.39683005632832646,0.32961484402946883,-0.23018549895168,MAJ
0.10316994367167354,-0.003718489303864536,0.36981450104832014,MAJ
-0.14683005632832646,-0.48931519712279453,-0.03018549895167999,MAJ
0.35316994367167354,0.17735146954387215,-0.31018549895168,MAJ
-0.27183005632832646,-0.15598186378946122,0.2898145010483202,MAJ
0.22816994367167354,-0.2670929749005723,-0.11018549895168,MAJ
-0.021830056328326464,0.39957369176609436,0.48981450104832014,MAJ
0.47816994367167354,0.0662403584327611,0.08981450104832012,MAJ
-0.47495505632832646,-0.3782040860116834,-0.39018549895168,MAJ
0.025044943671673536,0.2884625806549832,0.2098145010483201,MAJ
-0.22495505632832646,-0.04487075267835011,-0.19018549895167997,MAJ
0.27504494367167354,-0.41524112304872046,0.40981450104832007,MAJ
-0.34995505632832646,0.2514255436179462,0.009814501048320046,MAJ
0.15004494367167354,-0.08190778971538715,-0.48618549895168,MAJ
-0.09995505632832646,-0.19301890082649825,0.11381450104832014,MAJ
0.40004494367167354,0.47364776584016843,-0.28618549895168,MAJ
-0.41245505632832646,0.14031443250683517,0.3138145010483201,MAJ
0.08754494367167354,-0.30413001193760936,-0.08618549895167998,MAJ
-0.16245505632832646,0.3625366547290573,-0.36618549895168,MAJ
0.33754494367167354,0.029203321395724013,0.23381450104832013,MAJ
-0.28745505632832646,-0.4522781600857575,-0.16618549895168,MAJ
0.21254494367167354,0.21438850658090924,0.4338145010483201,MAJ
-0.037455056328326464,-0.11894482675242418,0.03381450104832007,MAJ
0.46254494367167354,-0.2300559378635353,-0.44618549895168,MAJ
-0.44370505632832646,0.43661072880313134,0.15381450104832017,MAJ
0.056294943671673536,0.10327739546979808,-0.24618549895168002,MAJ
-0.19370505632832646,-0.3411670489746464,0.35381450104832013,MAJ
0.30629494367167354,0.3254996176920202,-0.046185498951680004,MAJ
-0.31870505632832646,-0.007833715641313077,-0.32618549895168003,MAJ
0.18129494367167354,-0.4646238390981032,0.27381450104832017,MAJ
-0.06870505632832646,0.2020428275685635,-0.12618549895168002,MAJ
0.43129494367167354,-0.13129050576476986,0.4738145010483201,MAJ
-0.38120505632832646,-0.24240161687588097,0.0738145010483201,MAJ
0.11879494367167354,0.4242650497907857,-0.40618549895168,MAJ
-0.13120505632832646,0.09093171645745246,0.1938145010483201,MAJ
0.36879494367167354,-0.35351272798699207,-0.20618549895167998,MAJ
-0.25620505632832646,0.31315393867967456,0.39381450104832005,MAJ
0.24379494367167354,-0.020179394653658755,-0.0061854989516799685,MAJ
-0.006205056328326464,-0.3905497650240291,-0.46218549895168,MAJ
0.49379494367167354,0.2761169016426376,0.13781450104832016,MAJ
-0.49448630632832646,-0.05721643169069579,-0.26218549895168,MAJ
0.005513693671673536,-0.1683275428018069,0.3378145010483201,MAJ
-0.24448630632832646,0.4983391238648598,-0.06218549895167996,MAJ
0.25551369367167354,0.16500579053152653,-0.34218549895168004,MAJ
-0.36948630632832646,-0.279438653912918,0.25781450104832015,MAJ
0.13051369367167354,0.38722801275374863,-0.14218549895168003,MAJ
-0.11948630632832646,0.05389467942041537,0.4578145010483201,MAJ
0.38051369367167354,-0.42758680206106614,0.05781450104832009,MAJ
-0.43198630632832646,0.2390798646056006,-0.42218549895168,MAJ
0.06801369367167354,-0.09425346872773283,0.1778145010483202,MAJ
-0.18198630632832646,-0.20536457983884393,-0.22218549895168,MAJ
0.31801369367167354,0.4613020868278227,0.37781450104832015,MAJ
-0.30698630632832646,0.12796875349448944,-0.02218549895168004,MAJ
0.19301369367167354,-0.31647569094995504,-0.30218549895168,MAJ
-0.056986306328326464,0.35019097571671154,0.2978145010483202,MAJ
0.44301369367167354,0.01685764238337839,-0.10218549895168,MAJ
-0.46323630632832646,-0.47696951811044885,0.49781450104832015,MAJ
0.036763693671673536,0.18969714855621778,0.09781450104832012,MAJ
-0.21323630632832646,-0.14363618477711554,-0.38218549895167997,MAJ
0.28676369367167354,-0.25474729588822664,0.21781450104832012,MAJ
-0.33823630632832646,0.4119193707784401,-0.18218549895167996,MAJ
0.16176369367167354,0.07858603744510684,0.4178145010483201,MAJ
-0.08823630632832646,-0.36585840699933775,0.017814501048320053,MAJ
0.41176369367167354,0.30080825966732894,-0.47818549895168,MAJ
-0.40073630632832646,-0.032525073666004434,0.12181450104832015,MAJ
0.09926369367167354,-0.4028954440363748,-0.27818549895168,MAJ
-0.15073630632832646,0.26377122263029196,0.3218145010483201,MAJ
0.34926369367167354,-0.06956211070304147,-0.07818549895167998,MAJ
-0.27573630632832646,-0.18067322181415257,-0.35818549895168,MAJ
0.22426369367167354,0.48599344485251406,0.24181450104832014,MAJ
-0.025736306328326464,0.1526601115191808,-0.15818549895168,MAJ
0.47426369367167354,-0.2917843329252637,0.4418145010483201,MAJ
-0.47886130632832646,0.3748823337414029,0.041814501048320074,MAJ
0.021138693671673536,0.041549000408069636,-0.43818549895168,MAJ
-0.22886130632832646,-0.4399324810734118,0.16181450104832018,MAJ
-0.35386130632832646,-0.1065991477400785,0.36181450104832014,MAJ
0.14613869367167354,-0.2177102588511896,-0.03818549895168,MAJ
-0.10386130632832646,0.4489564078154771,-0.31818549895168,MAJ
0.39613869367167354,0.11562307448214382,0.2818145010483202,MAJ
-0.41636130632832646,-0.3288213699623007,-0.11818549895168001,MAJ
0.08363869367167354,0.3378452967043659,0.48181450104832013,MAJ
-0.16636130632832646,0.004511963371032657,0.08181450104832011,MAJ
0.33363869367167354,-0.4934304234602431,-0.39818549895168,MAJ
-0.29136130632832646,0.1732362432064236,0.2018145010483201,MAJ
0.20863869367167354,-0.1600970901269098,-0.19818549895167997,MAJ
-0.041361306328326464,-0.27120820123802086,0.40181450104832006,MAJ
0.45863869367167354,0.3954584654286458,0.0018145010483200386,MAJ
-0.44761130632832646,0.06212513209531256,-0.49738549895168,MAJ
0.052388693671673536,-0.38231931234913197,0.10261450104832015,MAJ
-0.19761130632832646,0.28434735431753466,-0.29738549895168,MAJ
0.30238869367167354,-0.04898597901579871,0.3026145010483201,MAJ
-0.32261130632832646,-0.419356349386169,-0.09738549895168003,MAJ
0.17738869367167354,0.24731031728049768,-0.37738549895168,MAJ
-0.07261130632832646,-0.08602301605283574,0.22261450104832015,MAJ
0.42738869367167354,-0.19713412716394685,-0.17738549895168004,MAJ
-0.38511130632832646,0.4695325395027199,0.4226145010483201,MAJ
0.11488869367167354,0.13619920616938663,0.02261450104832008,MAJ
-0.13511130632832646,-0.3082452382750579,-0.45738549895168,MAJ
0.36488869367167354,0.35842142839160873,0.14261450104832019,MAJ
-0.26011130632832646,0.025088095058275472,-0.25738549895168,MAJ
0.23988869367167354,-0.45639338642320604,0.34261450104832014,MAJ
-0.010111306328326464,0.2102732802434607,-0.05738549895168005,MAJ
0.48988869367167354,-0.12306005308987278,-0.33738549895168,MAJ
-0.48667380632832646,-0.23417116420098388,0.2626145010483202,MAJ
0.013326193671673536,0.4324955024656828,-0.13738549895168006,MAJ
-0.23667380632832646,0.09916216913234954,0.46261450104832014,MAJ
0.26332619367167354,-0.34528227531209493,0.06261450104832011,MAJ
-0.36167380632832646,0.32138439135457164,-0.41738549895168,MAJ
0.13832619367167354,-0.011948941978761674,0.1826145010483201,MAJ
-0.11167380632832646,-0.4687390654355517,-0.21738549895168002,MAJ
0.38832619367167354,0.19792760123111497,0.38261450104832007,MAJ
-0.42417380632832646,-0.13540573210221846,-0.017385498951680012,MAJ
0.07582619367167354,-0.24651684321332956,-0.47338549895168,MAJ
-0.17417380632832646,0.4201498234533372,0.12661450104832017,MAJ
0.32582619367167354,0.08681649012000392,-0.27338549895168,MAJ
-0.29917380632832646,-0.3576279543244406,0.3266145010483201,MAJ
0.20082619367167354,0.309038712342226,-0.07338549895168,MAJ
-0.049173806328326464,-0.024294620991107352,-0.35338549895168003,MAJ
0.45082619367167354,-0.39466499136147765,0.24661450104832017,MAJ
-0.45542380632832646,0.27200167530518904,-0.15338549895168002,MAJ
0.044576193671673536,-0.06133165802814439,0.4466145010483201,MAJ
-0.20542380632832646,-0.1724427691392555,0.0466145010483201,MAJ
0.29457619367167354,0.49422389752741125,-0.43338549895168,MAJ
-0.33042380632832646,0.160890564194078,0.1666145010483202,MAJ
0.16957619367167354,-0.28355388025036654,-0.23338549895168004,MAJ
-0.08042380632832646,0.3831127864163001,0.36661450104832016,MAJ
0.41957619367167354,0.04977945308296683,-0.033385498951680026,MAJ
-0.39292380632832646,-0.4317020283985147,-0.31338549895168,MAJ
0.10707619367167354,0.23496463826815206,0.2866145010483202,MAJ
-0.14292380632832646,-0.09836869506518142,-0.11338549895168004,MAJ
0.35707619367167354,-0.20947980617629253,0.48661450104832016,MAJ
-0.26792380632832646,0.45718686049037416,0.08661450104832014,MAJ
0.23207619367167354,0.1238535271570409,-0.39338549895167996,MAJ
-0.017923806328326464,-0.3205909172874036,0.20661450104832013,MAJ
0.48207619367167354,0.346075749379263,-0.19338549895168,MAJ
-0.47104880632832646,0.01274241604592985,0.4066145010483201,MAJ
0.028951193671673536,-0.4810847444478974,0.006614501048320065,MAJ
-0.22104880632832646,0.18558192221876924,-0.48938549895168,MAJ
0.27895119367167354,-0.14775141111456414,0.11061450104832016,MAJ
-0.34604880632832646,-0.2588625222256752,-0.28938549895168,MAJ
0.15395119367167354,0.40780414444099156,0.3106145010483201,MAJ
-0.09604880632832646,0.0744708111076583,-0.08938549895168002,MAJ
0.40395119367167354,-0.3699736333367863,-0.36938549895168005,MAJ
-0.40854880632832646,0.2966930333298804,0.23061450104832015,MAJ
0.09145119367167354,-0.03664030000345303,-0.16938549895168004,MAJ
-0.15854880632832646,-0.4070106703738233,0.4306145010483201,MAJ
0.34145119367167354,0.2596559962928434,0.030614501048320086,MAJ
-0.28354880632832646,-0.07367733704049007,-0.44938549895168,MAJ
0.21645119367167354,-0.18478844815160117,0.1506145010483202,MAJ
-0.033548806328326464,0.4818782185150655,-0.24938549895168005,MAJ
0.46645119367167354,0.14854488518173226,0.35061450104832015,MAJ
-0.43979880632832646,-0.2958995592627122,-0.04938549895168004,MAJ
0.060201193671673536,0.37076710740395435,-0.32938549895168,MAJ
-0.18979880632832646,0.037433774070621095,0.2706145010483202,MAJ
0.31020119367167354,-0.44404770741086036,-0.12938549895168006,MAJ
-0.31479880632832646,0.22261895925580644,0.47061450104832014,MAJ
0.18520119367167354,-0.1107143740775271,0.07061450104832012,MAJ
-0.06479880632832646,-0.2218254851886382,-0.40938549895167997,MAJ
0.43520119367167354,0.44484118147802854,0.19061450104832012,MAJ
-0.37729880632832646,0.11150784814469528,-0.20938549895168002,MAJ
0.12270119367167354,-0.33293659629974925,0.3906145010483201,MAJ
-0.12729880632832646,0.3337300703669174,-0.009385498951680005,MAJ
0.37270119367167354,0.00039673703358411583,-0.46538549895168,MAJ
-0.25229880632832646,-0.4993746392810021,0.13461450104832018,MAJ
-0.0022988063283264637,-0.1660413059476688,0.33461450104832013,MAJ
0.49770119367167354,-0.2771524170587799,-0.06538549895168,MAJ
-0.49643943132832646,0.38951424960788683,-0.34538549895168,MAJ
0.0035605686716735363,0.05618091627455357,0.2546145010483202,MAJ
-0.24643943132832646,-0.388263528169891,-0.14538549895168007,MAJ
0.25356056867167354,0.27840313849677567,0.45461450104832013,MAJ
-0.37143943132832646,-0.0549301948365577,0.05461450104832011,MAJ
0.12856056867167354,-0.42530056520692805,-0.42538549895168,MAJ
-0.12143943132832646,0.2413661014597387,0.17461450104832021,MAJ
0.37856056867167354,-0.09196723187359473,-0.22538549895168003,MAJ
-0.43393943132832646,-0.20307834298470584,0.37461450104832017,MAJ
0.06606056867167354,0.4635883236819609,-0.025385498951680074,MAJ
-0.18393943132832646,0.13025499034862764,-0.30538549895168,MAJ
0.31606056867167354,-0.31418945409581694,0.2946145010483202,MAJ
-0.30893943132832646,0.35247721257084974,-0.10538549895168003,MAJ
0.19106056867167354,0.01914387923751648,0.49461450104832017,MAJ
-0.058939431328326464,-0.4623376022439651,0.09461450104832014,MAJ
0.44106056867167354,0.2043290644227017,-0.38538549895168,MAJ
-0.46518943132832646,-0.12900426891063177,0.21461450104832014,MAJ
0.034810568671673536,-0.24011538002174287,-0.18538549895168,MAJ
-0.21518943132832646,0.4265512866449238,0.4146145010483201,MAJ
0.28481056867167354,0.09321795331159055,0.014614501048320072,MAJ
-0.34018943132832646,-0.351226491132854,-0.48138549895168,MAJ
0.15981056867167354,0.31544017553381265,0.11861450104832016,MAJ
-0.09018943132832646,-0.017893157799520665,-0.28138549895167997,MAJ
0.40981056867167354,-0.47468328125631076,0.3186145010483201,MAJ
-0.40268943132832646,0.19198338541035598,-0.08138549895168001,MAJ
0.09731056867167354,-0.14134994792297745,-0.36138549895168004,MAJ
-0.15268943132832646,-0.25246105903408855,0.23861450104832016,MAJ
0.34731056867167354,0.4142056076325782,-0.16138549895168003,MAJ
-0.27768943132832646,0.08087227429924493,0.4386145010483201,MAJ
0.22231056867167354,-0.36357217014519966,0.03861450104832009,MAJ
-0.027689431328326464,0.303094496521467,-0.44138549895168,MAJ
0.47231056867167354,-0.030238836811866343,0.1586145010483202,MAJ
-0.48081443132832646,-0.4006092071822367,-0.24138549895168004,MAJ
0.019185568671673536,0.26605745948443005,0.35861450104832016,MAJ
-0.23081443132832646,-0.06727587384890338,-0.04138549895168003,MAJ
0.26918556867167354,-0.17838698496001448,-0.32138549895168,MAJ
-0.35581443132832646,0.48827968170665226,0.2786145010483202,MAJ
0.14418556867167354,0.154946348373319,-0.12138549895168005,MAJ
-0.10581443132832646,-0.2894980960711256,0.47861450104832015,MAJ
0.39418556867167354,0.3771685705955411,0.07861450104832013,MAJ
-0.41831443132832646,0.04383523726220784,-0.40138549895167996,MAJ
0.08168556867167354,-0.43764624421927373,0.19861450104832012,MAJ
-0.16831443132832646,0.22902042244739307,-0.20138549895168,MAJ
0.33168556867167354,-0.10431291088594041,0.3986145010483201,MAJ
-0.29331443132832646,-0.21542402199705152,-0.0013854989516799976,MAJ
0.20668556867167354,0.45124264466961517,-0.49258549895168,MAJ
-0.043314431328326464,0.11790931133628191,0.10741450104832007,MAJ
0.45668556867167354,-0.3265351331081626,-0.29258549895168,MAJ
-0.44956443132832646,0.340131533558504,0.30741450104832,MAJ
0.050435568671673536,0.006798200225170858,-0.09258549895168,MAJ
-0.19956443132832646,-0.48702896026865644,-0.37258549895168,MAJ
0.30043556867167354,0.17963770639801024,0.22741450104832006,MAJ
-0.32456443132832646,-0.15369562693532313,-0.17258549895168002,MAJ
0.17543556867167354,-0.26480673804643423,0.42741450104832,MAJ
-0.07456443132832646,0.40185992862023256,0.027414501048319995,MAJ
0.42543556867167354,0.0685265952868993,-0.45258549895168,MAJ
-0.38706443132832646,-0.37591784915754534,0.1474145010483201,MAJ
0.11293556867167354,0.2907488175091214,-0.25258549895168003,MAJ
-0.13706443132832646,-0.04258451582421202,0.34741450104832006,MAJ
0.36293556867167354,-0.41295488619458237,-0.05258549895168002,MAJ
-0.26206443132832646,0.2537117804720844,-0.33258549895168,MAJ
0.23793556867167354,-0.07962155286124906,0.2674145010483201,MAJ
-0.012064431328326464,-0.19073266397236016,-0.13258549895168004,MAJ
0.48793556867167354,0.4759340026943065,0.46741450104832005,MAJ
-0.48862693132832646,0.14260066936097326,0.06741450104832003,MAJ
0.011373068671673536,-0.30184377508347127,-0.41258549895168,MAJ
-0.23862693132832646,0.36482289158319536,0.18741450104832003,MAJ
0.26137306867167354,0.031489558249862104,-0.21258549895168,MAJ
-0.36362693132832646,-0.4499919232316194,0.38741450104832,MAJ
0.13637306867167354,0.21667474343504745,-0.012585498951679985,MAJ
-0.11362693132832646,-0.11665858989828609,-0.46858549895168,MAJ
0.38637306867167354,-0.2277697010093972,0.1314145010483201,MAJ
-0.42612693132832646,0.43889696565726954,-0.26858549895168005,MAJ
0.07387306867167354,0.10556363232393629,0.33141450104832004,MAJ
-0.17612693132832646,-0.3388808121205083,-0.06858549895167998,MAJ
0.32387306867167354,0.3277858545461584,-0.34858549895168,MAJ
-0.30112693132832646,-0.0055474787871749864,0.2514145010483201,MAJ
0.19887306867167354,-0.491144186606105,-0.14858549895168,MAJ
-0.051126931328326464,0.1755224800605617,0.45141450104832004,MAJ
0.44887306867167354,-0.15781085327277167,0.051414501048320016,MAJ
-0.45737693132832646,-0.2689219643838828,-0.42858549895167997,MAJ
0.042623068671673536,0.3977447022827839,0.17141450104832012,MAJ
-0.20737693132832646,0.06441136894945065,-0.22858549895168,MAJ
0.29262306867167354,-0.3800330754949939,0.3714145010483201,MAJ
-0.33237693132832646,0.28663359117167275,-0.02858549895168,MAJ
0.16762306867167354,-0.04669974216166056,-0.30858549895168,MAJ
-0.08237693132832646,-0.4170701125320309,0.2914145010483201,MAJ
0.41762306867167354,0.24959655413463577,-0.10858549895168002,MAJ
-0.39487693132832646,-0.0837367791986976,0.4914145010483201,MAJ
0.10512306867167354,-0.1948478903098087,0.09141450104832005,MAJ
-0.14487693132832646,0.471818776356858,-0.38858549895168,MAJ
0.35512306867167354,0.13848544302352472,0.21141450104832005,MAJ
-0.26987693132832646,-0.3059590014209198,-0.18858549895167998,MAJ
0.23012306867167354,0.3607076652457468,0.41141450104832,MAJ
-0.019876931328326464,0.027374331912413563,0.01141450104831998,MAJ
0.48012306867167354,-0.45410714956906795,-0.48458549895168,MAJ
-0.47300193132832646,0.2125595170975988,0.11541450104832007,MAJ
0.026998068671673536,-0.12077381623573463,-0.28458549895168,MAJ
-0.22300193132832646,-0.23188492734684574,0.31541450104832003,MAJ
0.27699806867167354,0.4347817393198209,-0.08458549895168,MAJ
-0.34800193132832646,0.10144840598648763,-0.36458549895168,MAJ
0.15199806867167354,-0.3429960384579569,0.23541450104832007,MAJ
-0.09800193132832646,0.32367062820870973,-0.16458549895168,MAJ
0.40199806867167354,-0.009662705124623527,0.43541450104832,MAJ
-0.41050193132832646,-0.4664528285814136,0.03541450104832,MAJ
0.08949806867167354,0.20021383808525306,-0.44458549895168,MAJ
-0.16050193132832646,-0.1331194952480803,0.1554145010483201,MAJ
0.33949806867167354,-0.24423060635919142,-0.24458549895168002,MAJ
-0.28550193132832646,0.42243606030747527,0.35541450104832006,MAJ
0.21449806867167354,0.08910272697414201,-0.044585498951680014,MAJ
-0.035501931328326464,-0.3553417174703025,-0.32458549895168,MAJ
0.46449806867167354,0.3113249491963641,0.2754145010483201,MAJ
-0.44175193132832646,-0.022008384136969206,-0.12458549895168003,MAJ
0.058248068671673536,-0.39237875450733956,0.47541450104832006,MAJ
0.30824806867167354,-0.05904542117400624,-0.40458549895168,MAJ
-0.31675193132832646,-0.17015653228511735,0.19541450104832003,MAJ
0.18324806867167354,0.49651013438154934,-0.20458549895168,MAJ
-0.06675193132832646,0.16317680104821608,0.39541450104832,MAJ
0.43324806867167354,-0.28126764339622845,-0.004585498951679978,MAJ
-0.37925193132832646,0.3853990232704382,-0.46058549895168,MAJ
0.12074806867167354,0.05206568993710492,0.1394145010483201,MAJ
-0.12925193132832646,-0.4294157915443766,-0.26058549895168004,MAJ
0.37074806867167354,0.23725087512229015,0.33941450104832005,MAJ
-0.25425193132832646,-0.09608245821104328,-0.06058549895167997,MAJ
0.24574806867167354,-0.20719356932215438,-0.34058549895168,MAJ
-0.004251931328326464,0.45947309734451225,0.2594145010483201,MAJ
0.49574806867167354,0.126139764011179,-0.14058549895168004,MAJ
-0.49253318132832646,-0.31830468043326554,0.45941450104832005,MAJ
0.007466818671673536,0.3483619862334011,0.05941450104832002,MAJ
-0.24253318132832646,0.01502865290006794,-0.42058549895167996,MAJ
0.25746681867167354,-0.4787985075937593,0.17941450104832013,MAJ
-0.36753318132832646,0.18786815907290733,-0.22058549895168,MAJ
0.13246681867167354,-0.145465174260426,0.3794145010483201,MAJ
-0.11753318132832646,-0.2565762853715371,-0.020585498951680048,MAJ
0.38246681867167354,0.41009038129512965,-0.30058549895168,MAJ
-0.43003318132832646,0.07675704796179639,0.2994145010483201,MAJ
0.06996681867167354,-0.36768739648264825,-0.10058549895168001,MAJ
-0.18003318132832646,0.2989792701840185,0.4994145010483201,MAJ
0.31996681867167354,-0.034354063149314884,0.09941450104832006,MAJ
-0.30503318132832646,-0.40472443351968523,-0.38058549895168,MAJ
0.19496681867167354,0.2619422331469815,0.21941450104832005,MAJ
-0.055033181328326464,-0.07139110018635192,-0.18058549895167997,MAJ
0.44496681867167354,-0.18250221129746302,0.41941450104832,MAJ
-0.46128318132832646,0.4841644553692036,0.019414501048319988,MAJ
0.038716818671673536,0.15083112203587035,-0.47658549895168,MAJ
-0.21128318132832646,-0.2936133224085742,0.12341450104832008,MAJ
0.28871681867167354,0.37305334425809245,-0.27658549895168,MAJ
-0.33628318132832646,0.039720010924759186,0.32341450104832004,MAJ
0.16371681867167354,-0.44176147055672227,-0.07658549895167999,MAJ
-0.08628318132832646,0.22490519610994453,-0.35658549895168,MAJ
0.41371681867167354,-0.10842813722338895,0.24341450104832008,MAJ
-0.39878318132832646,-0.21953924833450006,-0.15658549895168,MAJ
0.10121681867167354,0.4471274183321666,0.44341450104832003,MAJ
-0.14878318132832646,0.11379408499883337,0.04341450104832001,MAJ
0.35121681867167354,-0.33065035944561116,-0.43658549895168,MAJ
-0.27378318132832646,0.33601630722105547,0.16341450104832012,MAJ
0.22621681867167354,0.0026829738877222065,-0.23658549895168002,MAJ
-0.023783181328326464,-0.4952594129435535,0.36341450104832007,MAJ
0.47621681867167354,0.17140725372311316,-0.03658549895168001,MAJ
-0.47690818132832646,-0.16192607961022026,-0.31658549895168003,MAJ
-0.22690818132832646,0.39362947594533537,-0.11658549895168002,MAJ
0.27309181867167354,0.06029614261200211,0.48341450104832007,MAJ
-0.35190818132832646,-0.3841483018324425,0.08341450104832004,MAJ
0.14809181867167354,0.2825183648342242,-0.39658549895168,MAJ
-0.10190818132832646,-0.05081496849910916,0.20341450104832004,MAJ
0.39809181867167354,-0.4211853388694795,-0.19658549895167998,MAJ
-0.41440818132832646,0.24548132779718723,0.40341450104832,MAJ
0.08559181867167354,-0.0878520055361462,0.0034145010483200844,MAJ
-0.16440818132832646,-0.1989631166472573,-0.49578549895168,MAJ
0.33559181867167354,0.46770355001940944,0.10421450104832009,MAJ
-0.28940818132832646,0.13437021668607618,-0.29578549895168,MAJ
0.21059181867167354,-0.31007422775836835,0.30421450104832004,MAJ
-0.039408181328326464,0.3565924389082983,-0.09578549895168004,MAJ
0.46059181867167354,0.023259105574965022,-0.37578549895168,MAJ
-0.44565818132832646,-0.4582223759065165,0.22421450104832008,MAJ
0.054341818671673536,0.20844429076015025,-0.17578549895168005,MAJ
-0.19565818132832646,-0.12488904257318323,0.42421450104832004,MAJ
0.30434181867167354,-0.23600015368429433,0.024214501048320014,MAJ
-0.32065818132832646,0.43066651298237235,-0.45578549895167997,MAJ
0.17934181867167354,0.09733317964903909,0.14421450104832012,MAJ
-0.07065818132832646,-0.34711126479540544,-0.25578549895168,MAJ
0.42934181867167354,0.3195554018712612,0.3442145010483201,MAJ
-0.38315818132832646,-0.013777931462072124,-0.05578549895168006,MAJ
0.11684181867167354,-0.4705680549188622,-0.33578549895168,MAJ
-0.13315818132832646,0.19609861174780452,0.2642145010483201,MAJ
0.36684181867167354,-0.1372347215855289,-0.13578549895168007,MAJ
-0.25815818132832646,-0.24834583269664,0.46421450104832007,MAJ
0.24184181867167354,0.41832083397002673,0.06421450104832005,MAJ
-0.008158181328326464,0.08498750063669347,-0.41578549895168,MAJ
0.49184181867167354,-0.35945694380775106,0.18421450104832005,MAJ
-0.48472068132832646,0.30720972285891557,-0.21578549895168003,MAJ
0.015279318671673536,-0.026123610474417802,0.38421450104832,MAJ
-0.23472068132832646,-0.39649398084478815,-0.01578549895168002,MAJ
0.26527931867167354,0.2701726858218786,-0.47178549895168,MAJ
-0.35972068132832646,-0.06316064751145484,0.1282145010483201,MAJ
0.14027931867167354,-0.17427175862256594,-0.27178549895168,MAJ
-0.10972068132832646,0.4923949080441008,0.32821450104832006,MAJ
0.39027931867167354,0.15906157471076754,-0.07178549895168002,MAJ
-0.42222068132832646,-0.285382869733677,-0.35178549895168,MAJ
0.07777931867167354,0.38128379693298964,0.2482145010483201,MAJ
-0.17222068132832646,0.04795046359965638,-0.15178549895168003,MAJ
0.32777931867167354,-0.4335310178818252,0.44821450104832006,MAJ
0.20277931867167354,-0.10019768454849187,-0.43178549895168,MAJ
0.45277931867167354,0.4553578710070637,-0.23178549895168005,MAJ
-0.45347068132832646,0.12202453767373045,0.3682145010483201,MAJ
0.046529318671673536,-0.3224199067707141,-0.031785498951680036,MAJ
-0.20347068132832646,0.34424675989595255,-0.31178549895168,MAJ
0.29652931867167354,0.0109134265626194,0.28821450104832014,MAJ
-0.32847068132832646,-0.48291373393120784,-0.11178549895168005,MAJ
0.17152931867167354,0.18375293273545878,0.4882145010483201,MAJ
-0.07847068132832646,-0.14958040059787459,0.08821450104832007,MAJ
0.42152931867167354,-0.26069151170898563,-0.39178549895168,MAJ
-0.39097068132832646,0.4059751549576811,0.20821450104832007,MAJ
0.10902931867167354,0.07264182162434785,-0.19178549895168,MAJ
-0.14097068132832646,-0.3718026228200968,0.40821450104832,MAJ
0.35902931867167354,0.29486404384656995,0.00821450104832,MAJ
-0.26597068132832646,-0.03846928948676348,-0.48778549895168,MAJ
0.23402931867167354,-0.40883965985713383,0.11221450104832009,MAJ
-0.015970681328326464,0.25782700680953297,-0.28778549895168,MAJ
0.48402931867167354,-0.07550632652380052,0.31221450104832005,MAJ
-0.46909568132832646,-0.18661743763491162,-0.08778549895168003,MAJ
0.030904318671673536,0.48004922903175506,-0.36778549895168,MAJ
-0.21909568132832646,0.1467158956984218,0.2322145010483201,MAJ
0.28090431867167354,-0.2977285487460227,-0.16778549895168005,MAJ
-0.34409568132832646,0.3689381179206439,0.43221450104832004,MAJ
0.15590431867167354,0.035604784587310645,0.03221450104832002,MAJ
-0.09409568132832646,-0.4458766968941708,-0.44778549895168,MAJ
0.40590431867167354,0.220789969772496,0.15221450104832013,MAJ
-0.40659568132832646,-0.11254336356083755,-0.24778549895168,MAJ
0.09340431867167354,-0.22365447467194866,0.3522145010483201,MAJ
-0.15659568132832646,0.4430121919947181,-0.04778549895168005,MAJ
0.34340431867167354,0.10967885866138483,-0.32778549895167997,MAJ
-0.28159568132832646,-0.3347655857830597,0.2722145010483201,MAJ
0.21840431867167354,0.3319010808836069,-0.12778549895168007,MAJ
-0.031595681328326464,-0.0014322524497264455,0.4722145010483201,MAJ
0.46840431867167354,-0.4966311550560364,0.07221450104832006,MAJ
-0.43784568132832646,0.17003551161063035,-0.40778549895168004,MAJ
-0.18784568132832646,-0.2744089328338142,-0.20778549895168003,MAJ
0.31215431867167354,0.39225773383285256,0.39221450104832,MAJ
-0.31284568132832646,0.0589244004995193,-0.007785498951680014,MAJ
0.18715431867167354,-0.38552004394492534,-0.46378549895168,MAJ
-0.06284568132832646,0.2811466227217414,0.1362145010483201,MAJ
0.43715431867167354,-0.05218671061159197,-0.26378549895168,MAJ
-0.37534568132832646,-0.4225570809819623,0.33621450104832007,MAJ
0.12465431867167354,0.24410958568470442,-0.06378549895168001,MAJ
-0.12534568132832646,-0.089223747648629,-0.34378549895168,MAJ
0.37465431867167354,-0.2003348587597401,0.2562145010483201,MAJ
-0.25034568132832646,0.46633180790692663,-0.14378549895168008,MAJ
0.24965431867167354,0.13299847457359337,0.45621450104832006,MAJ
-0.0003456813283264637,-0.31144596987085127,0.05621450104832004,MAJ
0.49965431867167354,0.35522069679581547,-0.42378549895168,MAJ
-0.49961325945332646,0.021887363462482212,0.17621450104832015,MAJ
0.0003867405466735363,-0.45959411801899935,-0.22378549895168004,MAJ
-0.24961325945332646,0.20707254864766744,0.3762145010483201,MAJ
0.25038674054667354,-0.12626078468566604,-0.023785498951680084,MAJ
-0.37461325945332646,-0.23737189579677714,-0.30378549895168,MAJ
0.12538674054667354,0.42929477086988954,0.29621450104832014,MAJ
-0.12461325945332646,0.09596143753655628,-0.10378549895168004,MAJ
0.37538674054667354,-0.34848300690788825,0.4962145010483201,MAJ
0.32168169412761927,0.4469111471455155,0.00941773086719988,MIN
-0.30331830587238073,0.11357781381218224,-0.4865822691328,MIN
0.19668169412761927,-0.33086663063226207,0.11341773086719997,MIN
-0.053318305872380733,0.33580003603440434,-0.28658226913279994,MIN
0.44668169412761927,0.0024667027010710774,0.31341773086719993,MIN
-0.45956830587238073,-0.49547568413020443,-0.08658226913279998,MIN
0.040431694127619267,0.17119098253646203,-0.3665822691328,MIN
0.29043169412761927,-0.27325346190798216,-0.1665822691328,MIN
-0.33456830587238073,0.39341320475868424,0.4334177308671999,MIN
0.16543169412761927,0.060079871425350984,0.0334177308671999,MIN
-0.08456830587238073,-0.38436457301909327,-0.44658226913279997,MIN
0.41543169412761927,0.2823020936475731,0.1534177308672,MIN
-0.39706830587238073,-0.051031239685759955,-0.2465822691328,MIN
0.10293169412761927,-0.4214016100561303,0.35341773086719996,MIN
0.35293169412761927,-0.08806827672279699,-0.3265822691328,MIN
-0.27206830587238073,-0.1991793878339081,0.2734177308672,MIN
0.22793169412761927,0.4674872788327583,-0.12658226913280002,MIN
-0.022068305872380733,0.13415394549942505,0.47341773086719996,MIN
0.47793169412761927,-0.31029049894501926,0.07341773086719994,MIN
-0.47519330587238073,0.35637616772164715,-0.4065822691328,MIN
-0.22519330587238073,-0.4584386470931674,-0.20658226913279998,MIN
0.27480669412761927,0.20822801957349912,0.3934177308671999,MIN
-0.35019330587238073,-0.12510531375983402,-0.006582269132799967,MIN
0.14980669412761927,-0.23621642487094513,-0.4625822691328,MIN
0.18632665729368253,-0.21356625861105236,-0.45729578025640005,MIN
-0.10019330587238073,0.4304502417957212,0.1374177308672,MIN
-0.1060474319187154,0.4030530103079821,0.14933640972602177,MIN
0.39980669412761927,0.09711690846238796,-0.2625822691328,MIN
0.3888927276631747,0.10275004122753946,-0.2701799462129185,MIN
-0.41269330587238073,-0.34732753598205623,0.33741773086719995,MIN
-0.39048785562021804,-0.3208737922145081,0.3105124684086486,MIN
-0.16269330587238073,-0.01399420264872292,-0.3425822691328,MIN
-0.1729449667748894,0.009488892641134353,-0.3238341378877077,MIN
0.33730669412761927,-0.4707843261055131,0.2574177308672,MIN
0.32202621303517276,-0.4816685881977112,0.30039682382947785,MIN
0.21230669412761927,-0.1374509927721797,0.45741773086719995,MIN
0.1889923147756948,-0.13233663846171012,0.4635756708947899,MIN
0.46230669412761927,0.4181045627833756,-0.4225822691328,MIN
0.45507060544891753,0.4012602848172781,-0.381873935329165,MIN
-0.44394330587238073,0.08477122945004234,0.17741773086720003,MIN
-0.4683708333908763,0.08465030085037528,0.15662214494302562,MIN
0.056056694127619267,-0.35967321499440197,-0.2225822691328,MIN
0.051763884387078005,-0.3406236610725241,-0.20506787268997717,MIN
-0.19394330587238073,0.30699345167226444,0.3774177308672,MIN
-0.2008350793949638,0.26822412333688833,0.36575811048788165,MIN
